"행정구역별","직업별",2015.1/2,2015.2/2,2016.1/2,2016.2/2,2017.1/2,2017.2/2,2018.1/2,2018.2/2,2019.1/2,2019.2/2,2020.1/2,2020.2/2,2021.1/2,2021.2/2,2022.1/2,2022.2/2,2023.1/2,2023.2/2,2024.1/2,2024.2/2,2025.1/2,2025.2/2
"행정구역별","직업별",취업자 (천명),취업자 (천명),취업자 (천명),취업자 (천명),취업자 (천명),취업자 (천명),취업자 (천명),취업자 (천명),취업자 (천명),취업자 (천명),취업자 (천명),취업자 (천명),취업자 (천명),취업자 (천명),취업자 (천명),취업자 (천명),취업자 (천명),취업자 (천명),취업자 (천명),취업자 (천명),취업자 (천명),취업자 (천명)
"계","계",26153,26519,26325,26746,26744,27026,26868,27090,27038,27509,26562,27088,27214,27741,28078,28418,28432,28764,28693,28847,28887,29040
"계","관리자",352,359,338,326,307,323,350,389,418,398,394,406,389,401,422,459,472,478,435,435,428,393
"계","전문가 및 관련 종사자",5126,5269,5212,5355,5444,5449,5463,5500,5525,5608,5413,5436,5529,5710,5852,5920,6130,6207,6294,6513,6587,6708
"계","사무 종사자",4414,4465,4536,4582,4622,4690,4740,4808,4715,4780,4688,4665,4748,4731,4853,4865,4954,5033,5052,5039,5136,5229
"계","서비스 종사자",2774,2812,2813,2948,2920,2977,2979,2954,3091,3144,2981,3003,3055,3138,3187,3389,3439,3499,3516,3562,3578,3673
"계","판매 종사자",3093,3104,3090,3110,3091,3074,3009,3035,3035,3020,2904,2818,2784,2723,2662,2648,2643,2589,2509,2470,2519,2489
"계","농림어업 숙련 종사자",1325,1362,1257,1323,1250,1338,1309,1410,1345,1484,1428,1496,1423,1518,1485,1582,1536,1613,1512,1565,1407,1436
"계","기능원 및 관련 기능 종사자",2365,2427,2402,2393,2392,2362,2331,2392,2376,2387,2285,2386,2373,2439,2421,2365,2318,2303,2294,2280,2242,2238
"계","장치‧기계 조작 및 조립 종사자",3187,3220,3214,3180,3166,3144,3148,3029,3006,3007,2970,2905,2933,2973,3074,3018,2927,3023,3024,2924,2981,2913
"계","단순 노무 종사자",3518,3501,3463,3529,3553,3670,3539,3574,3528,3681,3500,3973,3980,4109,4123,4173,4014,4020,4058,4058,4009,3962
"서울특별시","계",5139,5157,5098,5184,5132,5161,5098,5055,5052,5143,4986,5048,5057,5074,5120,5107,5147,5223,5252,5247,5181,5228
"서울특별시","관리자",75,80,79,81,70,80,74,70,79,79,82,89,98,103,111,133,141,155,137,146,125,89
"서울특별시","전문가 및 관련 종사자",1328,1380,1346,1354,1391,1435,1399,1400,1425,1477,1420,1427,1473,1482,1537,1525,1604,1629,1694,1742,1653,1711
"서울특별시","사무 종사자",1025,1048,1054,1030,1060,1071,1128,1124,1121,1155,1143,1119,1108,1068,1117,1119,1149,1150,1129,1102,1099,1130
"서울특별시","서비스 종사자",524,486,511,546,529,541,565,536,516,518,507,529,534,531,536,589,576,620,642,626,641,645
"서울특별시","판매 종사자",773,786,724,713,683,667,630,654,635,625,593,592,585,564,555,526,525,522,478,472,505,494
"서울특별시","농림어업 숙련 종사자",7,10,8,8,13,9,9,8,12,14,11,11,8,7,11,6,6,4,5,8,4,3
"서울특별시","기능원 및 관련 기능 종사자",474,456,456,461,431,394,390,411,429,428,397,401,391,415,382,345,357,330,343,313,318,318
"서울특별시","장치‧기계 조작 및 조립 종사자",315,327,325,329,312,320,303,248,252,247,258,250,254,265,262,238,239,246,258,242,246,254
"서울특별시","단순 노무 종사자",619,586,596,663,645,643,601,605,584,600,576,630,607,639,610,626,551,566,567,596,590,583
"부산광역시","계",1684,1694,1697,1684,1688,1683,1653,1677,1661,1703,1601,1651,1658,1664,1664,1691,1695,1701,1688,1699,1709,1707
"부산광역시","관리자",26,20,22,22,20,27,41,45,39,29,34,30,23,17,20,11,14,15,16,17,20,23
"부산광역시","전문가 및 관련 종사자",305,309,338,328,341,321,326,328,297,297,260,263,267,286,291,291,296,319,314,334,335,338
"부산광역시","사무 종사자",279,280,279,289,281,295,293,298,308,303,314,306,327,306,285,283,278,290,307,328,335,340
"부산광역시","서비스 종사자",208,218,223,198,189,190,183,197,204,231,205,213,228,230,217,243,252,250,240,222,225,211
"부산광역시","판매 종사자",212,204,212,201,210,214,209,198,210,211,214,222,216,204,206,215,206,205,196,180,185,177
"부산광역시","농림어업 숙련 종사자",2,6,8,8,9,9,10,7,4,6,7,7,7,11,19,17,20,18,17,17,9,9
"부산광역시","기능원 및 관련 기능 종사자",183,175,173,184,180,187,164,160,162,154,158,176,169,182,177,188,178,169,166,170,168,176
"부산광역시","장치‧기계 조작 및 조립 종사자",206,203,192,193,198,200,196,202,210,217,189,175,174,177,186,175,169,164,174,171,161,161
"부산광역시","단순 노무 종사자",263,280,251,263,261,241,233,241,229,255,222,258,247,252,263,268,284,270,259,259,272,272
"대구광역시","계",1238,1248,1238,1253,1249,1224,1225,1244,1220,1223,1131,1204,1217,1232,1226,1234,1236,1261,1227,1215,1223,1217
"대구광역시","관리자",28,25,21,16,19,21,19,24,25,24,22,21,23,19,26,23,20,15,15,16,19,18
"대구광역시","전문가 및 관련 종사자",245,235,211,218,230,235,240,246,263,265,248,235,248,253,250,244,248,272,276,249,259,279
"대구광역시","사무 종사자",202,225,226,221,226,203,197,201,187,193,183,189,208,215,205,189,189,193,203,202,193,200
"대구광역시","서비스 종사자",117,124,120,151,140,137,137,147,147,150,123,146,140,148,153,154,162,174,163,169,164,166
"대구광역시","판매 종사자",178,171,177,177,168,147,150,145,133,133,140,142,129,145,144,143,139,137,119,111,114,117
"대구광역시","농림어업 숙련 종사자",17,22,25,20,15,23,31,34,34,36,31,29,17,11,10,12,10,12,11,12,12,11
"대구광역시","기능원 및 관련 기능 종사자",114,116,121,113,113,122,124,126,128,123,103,115,118,117,108,112,117,107,99,101,104,102
"대구광역시","장치‧기계 조작 및 조립 종사자",183,187,187,183,177,171,169,168,160,169,153,167,162,157,159,169,169,175,178,174,186,166
"대구광역시","단순 노무 종사자",154,142,151,156,161,165,160,153,143,130,128,162,174,169,170,189,185,177,162,181,171,158
"인천광역시","계",1483,1507,1522,1527,1523,1560,1562,1581,1583,1584,1546,1561,1562,1579,1590,1645,1647,1672,1682,1731,1712,1737
"인천광역시","관리자",18,17,19,14,8,6,9,12,12,12,13,14,14,14,21,23,28,31,37,44,39,37
"인천광역시","전문가 및 관련 종사자",267,265,256,271,279,292,291,283,284,282,271,269,270,281,272,303,294,306,347,355,361,350
"인천광역시","사무 종사자",261,268,263,267,274,287,303,295,301,300,299,280,272,277,291,292,310,311,317,320,340,349
"인천광역시","서비스 종사자",153,155,163,159,161,173,157,175,180,192,172,173,168,169,166,176,202,200,201,220,197,206
"인천광역시","판매 종사자",197,201,192,189,182,184,199,207,221,212,202,180,181,160,153,163,159,164,155,167,157,148
"인천광역시","농림어업 숙련 종사자",25,24,8,4,5,6,7,11,14,19,14,14,13,7,1,2,2,4,4,6,8,13
"인천광역시","기능원 및 관련 기능 종사자",144,157,161,166,149,155,154,164,147,142,148,156,179,172,177,187,175,175,157,158,138,145
"인천광역시","장치‧기계 조작 및 조립 종사자",233,241,253,238,232,219,222,219,210,216,225,235,222,230,234,222,208,205,201,189,216,223
"인천광역시","단순 노무 종사자",185,179,208,221,232,239,220,214,215,211,203,240,244,269,275,277,271,276,264,273,256,266
"광주광역시","계",725,736,727,733,741,748,755,753,745,762,737,749,751,750,744,762,770,776,787,764,772,790
"광주광역시","관리자",8,10,5,9,11,12,11,13,13,13,11,9,12,13,13,17,16,14,11,13,11,9
"광주광역시","전문가 및 관련 종사자",152,158,157,159,155,153,163,167,175,164,159,157,154,146,141,138,144,153,156,164,169,180
"광주광역시","사무 종사자",123,129,128,119,123,128,124,135,127,127,126,133,127,130,126,140,142,132,151,137,127,125
"광주광역시","서비스 종사자",84,81,76,82,87,85,91,92,90,96,97,92,102,102,102,108,116,113,110,105,109,109
"광주광역시","판매 종사자",105,104,98,96,88,90,83,80,75,80,79,76,74,76,82,84,78,81,76,69,74,74
"광주광역시","농림어업 숙련 종사자",16,17,15,13,11,11,9,9,10,19,15,15,14,13,14,13,17,21,20,18,14,16
"광주광역시","기능원 및 관련 기능 종사자",69,68,73,65,73,68,75,68,72,74,70,77,77,73,68,65,65,66,67,68,67,66
"광주광역시","장치‧기계 조작 및 조립 종사자",86,87,94,100,101,101,111,102,98,91,90,84,78,82,89,87,82,84,81,84,91,96
"광주광역시","단순 노무 종사자",82,82,82,91,93,100,90,88,86,98,89,105,112,116,111,110,112,113,114,106,111,116
"대전광역시","계",767,778,775,779,766,763,760,762,755,788,768,790,775,795,787,807,795,803,792,784,811,817
"대전광역시","관리자",13,14,18,17,18,16,15,16,12,11,8,13,9,10,9,11,10,11,11,11,15,11
"대전광역시","전문가 및 관련 종사자",178,194,203,196,181,185,179,185,173,178,170,177,190,212,224,226,228,229,201,191,198,214
"대전광역시","사무 종사자",134,135,137,139,135,129,127,126,126,128,133,130,130,130,138,148,149,150,138,133,140,138
"대전광역시","서비스 종사자",89,95,88,84,81,82,81,87,88,99,95,92,94,102,94,103,99,103,105,111,106,106
"대전광역시","판매 종사자",96,82,81,82,96,96,101,97,93,91,88,82,82,82,82,77,75,82,86,76,86,88
"대전광역시","농림어업 숙련 종사자",10,6,7,9,10,8,9,7,7,10,10,9,8,10,8,9,7,8,12,14,14,16
"대전광역시","기능원 및 관련 기능 종사자",71,72,72,72,71,74,70,65,66,74,73,78,71,70,65,65,63,68,70,69,67,71
"대전광역시","장치‧기계 조작 및 조립 종사자",71,72,63,70,71,69,70,70,76,83,82,77,74,70,65,70,67,69,73,75,80,74
"대전광역시","단순 노무 종사자",106,110,107,110,102,106,109,110,114,113,108,133,117,110,103,100,97,85,97,104,105,100
"울산광역시","계",570,579,574,585,583,585,571,576,569,576,552,560,553,564,561,573,572,575,571,580,581,572
"울산광역시","관리자",9,8,6,5,5,5,5,5,4,5,7,6,7,5,5,4,4,5,4,7,6,7
"울산광역시","전문가 및 관련 종사자",88,90,91,89,91,97,87,90,91,86,95,95,105,107,114,108,101,94,96,98,102,113
"울산광역시","사무 종사자",93,87,83,94,96,102,105,107,106,98,91,86,83,85,85,88,85,89,85,81,78,92
"울산광역시","서비스 종사자",52,53,51,56,57,61,67,63,65,71,66,61,62,57,51,50,60,58,60,60,66,69
"울산광역시","판매 종사자",52,56,61,56,58,53,49,45,51,52,50,49,47,51,47,47,44,47,47,47,48,35
"울산광역시","농림어업 숙련 종사자",6,10,10,9,10,10,6,7,7,10,7,8,6,6,5,7,8,6,6,4,6,3
"울산광역시","기능원 및 관련 기능 종사자",88,92,97,95,92,87,80,82,77,79,76,73,64,66,71,78,75,77,72,74,72,66
"울산광역시","장치‧기계 조작 및 조립 종사자",120,122,115,114,113,108,108,114,107,105,100,104,106,108,104,114,115,123,124,126,128,110
"울산광역시","단순 노무 종사자",61,63,62,67,63,63,63,64,62,71,61,78,74,80,80,78,79,76,78,83,76,78
"세종특별자치시","계",-,-,-,-,127,134,144,156,165,173,177,184,187,188,196,202,210,211,210,214,214,212
"세종특별자치시","관리자",-,-,-,-,1,1,1,2,1,2,2,3,3,4,4,3,3,3,3,3,3,3
"세종특별자치시","전문가 및 관련 종사자",-,-,-,-,35,39,42,49,52,53,57,52,56,55,62,61,61,66,62,69,66,65
"세종특별자치시","사무 종사자",-,-,-,-,31,35,35,41,42,41,41,48,50,49,49,51,53,55,56,57,61,57
"세종특별자치시","서비스 종사자",-,-,-,-,12,12,13,12,16,19,21,21,18,21,20,22,25,24,24,22,21,21
"세종특별자치시","판매 종사자",-,-,-,-,8,8,10,10,10,11,10,11,13,13,12,12,13,11,12,12,12,13
"세종특별자치시","농림어업 숙련 종사자",-,-,-,-,8,8,7,7,9,9,9,10,11,11,9,9,8,8,9,9,9,10
"세종특별자치시","기능원 및 관련 기능 종사자",-,-,-,-,6,6,7,8,8,8,9,11,9,8,10,11,11,8,9,8,8,7
"세종특별자치시","장치‧기계 조작 및 조립 종사자",-,-,-,-,13,12,15,15,15,16,16,15,14,14,14,16,17,16,17,17,17,18
"세종특별자치시","단순 노무 종사자",-,-,-,-,13,14,15,12,13,15,12,12,14,14,17,17,19,20,19,18,17,17
"경기도","계",6400,6464,6458,6569,6660,6780,6796,6839,6924,7041,6852,6920,7062,7314,7601,7658,7610,7748,7713,7812,7849,7789
"경기도","관리자",75,75,65,63,61,57,80,94,114,100,93,96,76,95,98,111,121,124,101,86,92,100
"경기도","전문가 및 관련 종사자",1459,1483,1455,1533,1574,1551,1582,1611,1584,1647,1595,1602,1612,1704,1770,1796,1902,1879,1893,2016,2123,2079
"경기도","사무 종사자",1162,1166,1210,1259,1218,1235,1244,1275,1268,1308,1252,1261,1334,1335,1393,1383,1376,1406,1391,1422,1484,1499
"경기도","서비스 종사자",662,669,647,672,681,702,684,649,752,728,717,672,718,751,770,841,826,841,852,885,875,956
"경기도","판매 종사자",659,669,729,732,777,776,775,791,834,817,778,743,748,728,698,675,700,671,670,656,680,671
"경기도","농림어업 숙련 종사자",132,129,127,148,128,150,132,145,121,162,136,125,111,125,119,158,175,191,187,186,138,133
"경기도","기능원 및 관련 기능 종사자",535,562,540,515,561,573,568,581,584,593,555,626,613,658,689,652,648,680,673,667,647,604
"경기도","장치‧기계 조작 및 조립 종사자",838,835,833,825,822,819,809,739,748,741,749,707,764,792,874,871,824,870,834,781,773,723
"경기도","단순 노무 종사자",879,875,853,822,839,916,923,954,920,945,978,1089,1087,1126,1191,1171,1039,1086,1111,1114,1038,1025
"강원특별자치도","계",750,771,760,780,805,819,804,820,831,841,801,817,818,841,826,847,861,867,863,879,877,882
"강원특별자치도","관리자",8,12,9,10,7,8,7,7,10,14,17,17,18,15,14,15,14,13,12,12,13,9
"강원특별자치도","전문가 및 관련 종사자",110,110,111,109,109,106,107,106,112,110,107,108,102,108,107,119,121,135,137,136,136,136
"강원특별자치도","사무 종사자",95,93,97,96,103,115,113,113,99,104,111,117,124,127,137,137,126,116,116,125,114,119
"강원특별자치도","서비스 종사자",113,112,114,114,128,116,122,129,140,132,124,127,127,133,135,133,143,137,145,146,135,133
"강원특별자치도","판매 종사자",63,75,73,84,84,85,83,78,75,75,76,74,77,72,72,73,73,68,59,63,71,70
"강원특별자치도","농림어업 숙련 종사자",95,95,76,89,85,99,85,95,97,105,97,83,67,79,77,80,80,96,86,100,103,114
"강원특별자치도","기능원 및 관련 기능 종사자",62,59,69,65,68,62,64,66,63,64,58,69,73,70,70,68,71,75,81,80,69,69
"강원특별자치도","장치‧기계 조작 및 조립 종사자",61,65,64,60,67,63,63,63,71,70,71,72,64,68,58,58,62,67,65,63,69,61
"강원특별자치도","단순 노무 종사자",144,149,147,152,155,165,159,164,163,168,139,150,166,168,157,164,173,159,162,154,168,171
"충청북도","계",842,873,845,863,868,891,889,892,883,901,887,890,897,921,928,942,949,954,968,956,984,998
"충청북도","관리자",6,8,6,6,5,6,6,7,7,7,7,10,9,9,6,7,8,10,11,11,14,16
"충청북도","전문가 및 관련 종사자",108,118,128,149,148,146,133,129,139,137,138,127,130,130,138,130,147,136,133,136,143,143
"충청북도","사무 종사자",107,114,126,131,128,133,136,137,135,133,133,129,136,127,132,129,131,142,150,145,156,161
"충청북도","서비스 종사자",98,97,87,93,102,100,101,104,118,117,115,114,106,111,115,120,109,113,127,130,129,134
"충청북도","판매 종사자",100,101,82,86,81,82,81,76,70,70,73,77,74,73,73,82,74,69,66,62,68,71
"충청북도","농림어업 숙련 종사자",89,95,82,90,88,99,93,100,88,99,91,94,95,103,101,99,107,113,108,111,115,118
"충청북도","기능원 및 관련 기능 종사자",71,72,63,57,65,66,72,68,57,65,63,60,59,69,72,75,71,68,63,62,66,65
"충청북도","장치‧기계 조작 및 조립 종사자",140,133,142,130,133,135,141,149,141,140,134,143,157,161,164,156,155,155,160,155,148,143
"충청북도","단순 노무 종사자",123,136,130,122,116,124,127,121,127,132,134,135,132,139,128,145,148,149,152,146,145,147
"충청남도","계",1206,1240,1222,1273,1149,1178,1182,1219,1209,1229,1173,1220,1203,1239,1221,1283,1255,1280,1280,1308,1311,1318
"충청남도","관리자",19,21,18,19,15,12,13,11,14,14,13,16,14,14,7,8,7,10,11,10,8,13
"충청남도","전문가 및 관련 종사자",185,186,196,204,162,160,186,182,189,179,174,184,175,179,181,174,175,170,184,206,210,223
"충청남도","사무 종사자",198,192,184,179,166,156,161,168,157,167,167,165,163,186,185,182,195,214,204,197,203,189
"충청남도","서비스 종사자",125,118,118,138,123,129,120,131,141,143,127,136,117,119,128,142,146,150,148,149,158,164
"충청남도","판매 종사자",112,108,111,129,105,107,101,112,110,117,117,106,112,105,91,91,88,82,80,94,96,91
"충청남도","농림어업 숙련 종사자",141,147,135,126,121,139,140,146,135,159,154,174,178,193,187,188,169,187,175,178,150,161
"충청남도","기능원 및 관련 기능 종사자",94,95,95,108,100,101,102,103,101,94,89,88,98,100,96,117,105,96,97,97,103,103
"충청남도","장치‧기계 조작 및 조립 종사자",175,203,186,216,206,196,200,219,206,183,179,172,166,156,156,172,169,176,190,187,191,184
"충청남도","단순 노무 종사자",157,171,179,155,153,177,159,147,155,173,154,180,181,187,190,208,199,197,193,190,192,191
"전북특별자치도","계",928,946,949,966,936,935,921,933,933,933,913,956,948,972,976,985,980,999,998,1002,977,1001
"전북특별자치도","관리자",10,11,11,6,9,9,7,15,16,17,16,18,16,16,17,13,16,16,16,15,13,10
"전북특별자치도","전문가 및 관련 종사자",153,159,158,157,156,146,153,134,139,127,130,142,141,140,140,150,141,150,158,164,159,168
"전북특별자치도","사무 종사자",116,122,127,142,137,145,135,131,125,117,119,120,124,121,129,128,133,137,136,141,142,160
"전북특별자치도","서비스 종사자",111,111,122,126,102,103,104,99,95,100,90,99,90,104,123,120,121,125,128,121,111,111
"전북특별자치도","판매 종사자",94,89,94,94,99,92,90,88,81,81,72,81,78,84,78,84,87,73,71,73,75,70
"전북특별자치도","농림어업 숙련 종사자",135,160,139,150,146,151,147,161,155,172,173,179,170,169,168,178,166,173,160,160,144,145
"전북특별자치도","기능원 및 관련 기능 종사자",66,63,58,62,66,66,72,81,82,81,79,71,68,74,75,68,68,64,68,78,74,77
"전북특별자치도","장치‧기계 조작 및 조립 종사자",108,106,112,101,102,102,103,105,114,114,113,109,118,114,103,98,100,104,100,101,110,109
"전북특별자치도","단순 노무 종사자",134,125,127,129,120,120,110,120,126,125,122,138,143,149,145,146,149,158,161,150,149,151
"전라남도","계",959,981,970,989,956,981,968,982,968,999,960,988,982,1017,1013,1026,1035,1018,1016,1010,1008,1007
"전라남도","관리자",6,5,8,10,11,14,15,17,15,11,11,10,13,15,16,20,17,11,10,9,10,8
"전라남도","전문가 및 관련 종사자",106,108,108,112,117,115,115,121,122,129,113,107,110,115,120,126,127,138,138,127,122,128
"전라남도","사무 종사자",134,123,132,125,122,132,123,125,124,128,133,131,116,129,120,126,128,121,121,111,114,116
"전라남도","서비스 종사자",83,102,100,106,109,105,118,126,128,132,117,117,122,121,115,125,131,122,124,131,147,138
"전라남도","판매 종사자",94,100,93,101,98,110,103,93,79,85,86,84,85,87,91,89,78,80,87,84,80,89
"전라남도","농림어업 숙련 종사자",214,215,208,222,193,201,188,180,183,183,190,217,211,222,223,231,213,217,204,217,192,192
"전라남도","기능원 및 관련 기능 종사자",76,104,103,101,97,87,88,90,87,99,93,88,87,79,73,68,67,73,76,88,88,86
"전라남도","장치‧기계 조작 및 조립 종사자",93,94,97,95,92,93,96,95,101,102,94,99,98,98,98,86,95,96,89,81,86,92
"전라남도","단순 노무 종사자",153,130,121,118,117,124,122,136,129,131,124,135,141,151,158,155,180,160,167,162,169,159
"경상북도","계",1448,1469,1442,1470,1446,1468,1439,1462,1423,1457,1395,1438,1408,1450,1471,1493,1492,1486,1471,1483,1485,1519
"경상북도","관리자",16,17,20,18,20,19,23,23,25,24,31,30,27,22,19,26,25,17,21,20,24,23
"경상북도","전문가 및 관련 종사자",167,162,160,165,157,158,143,151,157,165,167,187,180,188,185,202,201,189,179,195,196,191
"경상북도","사무 종사자",195,200,202,200,211,214,203,201,187,186,163,172,172,174,180,172,180,185,200,191,200,192
"경상북도","서비스 종사자",152,161,164,174,157,169,162,151,137,141,134,136,138,159,165,162,175,183,179,185,193,198
"경상북도","판매 종사자",136,131,138,147,150,153,152,156,148,151,131,111,97,98,105,109,116,115,109,115,98,103
"경상북도","농림어업 숙련 종사자",240,231,214,218,215,210,218,252,249,252,243,281,268,284,266,297,295,294,276,278,276,283
"경상북도","기능원 및 관련 기능 종사자",114,114,111,124,113,113,112,125,131,139,134,115,121,118,103,97,88,82,78,77,80,93
"경상북도","장치‧기계 조작 및 조립 종사자",239,245,234,221,226,222,223,219,205,211,215,212,207,203,231,213,201,214,218,219,213,227
"경상북도","단순 노무 종사자",189,209,199,204,197,210,202,184,184,187,177,194,199,205,218,215,213,207,212,204,206,209
"경상남도","계",1687,1727,1699,1728,1740,1744,1733,1764,1741,1767,1713,1735,1748,1755,1763,1748,1781,1783,1775,1765,1794,1837
"경상남도","관리자",31,32,27,29,26,28,22,29,30,34,23,20,19,17,28,28,27,25,17,15,16,17
"경상남도","전문가 및 관련 종사자",233,264,242,257,263,259,268,273,272,263,261,250,259,266,261,256,273,273,262,261,286,317
"경상남도","사무 종사자",250,242,243,240,249,245,248,265,248,233,229,227,220,218,222,239,268,278,284,280,282,294
"경상남도","서비스 종사자",147,176,180,198,204,211,218,200,213,212,210,214,232,227,242,234,234,217,202,215,234,240
"경상남도","판매 종사자",187,185,182,182,165,174,155,164,175,170,162,156,153,144,135,143,158,145,157,151,131,134
"경상남도","농림어업 숙련 종사자",150,154,151,163,151,163,168,185,168,175,177,175,184,212,210,219,205,216,186,204,172,165
"경상남도","기능원 및 관련 기능 종사자",180,193,183,178,179,173,160,168,150,144,155,158,152,144,160,139,135,138,149,145,147,164
"경상남도","장치‧기계 조작 및 조립 종사자",288,274,291,279,272,284,297,276,267,275,278,260,250,251,252,247,226,233,237,235,242,245
"경상남도","단순 노무 종사자",221,208,198,202,233,206,196,204,219,263,219,276,282,277,253,242,255,258,283,258,286,263
"제주특별자치도","계",328,351,349,365,375,374,370,375,378,389,370,381,389,386,393,416,398,408,400,400,399,409
"제주특별자치도","관리자",6,5,4,2,2,1,1,3,3,4,6,5,9,12,10,7,2,3,1,2,2,2
"제주특별자치도","전문가 및 관련 종사자",44,49,53,55,56,52,50,46,51,49,48,56,57,57,59,68,71,71,67,70,68,73
"제주특별자치도","사무 종사자",39,44,47,53,63,64,65,66,56,58,50,52,56,56,60,59,64,64,64,66,67,66
"제주특별자치도","서비스 종사자",56,55,49,53,58,59,57,56,61,64,62,62,63,54,58,69,65,68,67,67,69,67
"제주특별자치도","판매 종사자",34,42,43,42,39,38,39,40,36,39,34,32,35,39,39,36,31,37,42,39,40,43
"제주특별자치도","농림어업 숙련 종사자",46,41,44,48,44,44,51,55,54,56,65,67,58,56,59,56,48,47,46,43,42,45
"제주특별자치도","기능원 및 관련 기능 종사자",25,31,29,28,29,29,30,29,32,27,25,25,24,25,26,30,27,29,27,28,25,28
"제주특별자치도","장치‧기계 조작 및 조립 종사자",29,28,28,27,30,30,24,25,26,27,22,24,27,28,27,27,28,26,27,25,26,27
"제주특별자치도","단순 노무 종사자",48,57,53,57,53,57,52,55,59,65,58,58,60,60,54,64,63,64,59,60,61,58
