"성별","산업별","직업별",2015.1/2,2015.2/2,2016.1/2,2016.2/2,2017.1/2,2017.2/2,2018.1/2,2018.2/2,2019.1/2,2019.2/2,2020.1/2,2020.2/2,2021.1/2,2021.2/2,2022.1/2,2022.2/2,2023.1/2,2023.2/2,2024.1/2,2024.2/2,2025.1/2,2025.2/2
"성별","산업별","직업별",취업자 (천명),취업자 (천명),취업자 (천명),취업자 (천명),취업자 (천명),취업자 (천명),취업자 (천명),취업자 (천명),취업자 (천명),취업자 (천명),취업자 (천명),취업자 (천명),취업자 (천명),취업자 (천명),취업자 (천명),취업자 (천명),취업자 (천명),취업자 (천명),취업자 (천명),취업자 (천명),취업자 (천명),취업자 (천명)
"계","계","계",26153,26519,26325,26746,26744,27026,26868,27090,27038,27509,26562,27088,27214,27741,28078,28418,28432,28764,28693,28847,28887,29040
"계","계","관리자",352,359,338,326,307,323,350,389,418,398,394,406,389,401,422,459,472,478,435,435,428,393
"계","계","전문가 및 관련 종사자",5126,5269,5212,5355,5444,5449,5463,5500,5525,5608,5413,5436,5529,5710,5852,5920,6130,6207,6294,6513,6587,6708
"계","계","사무 종사자",4414,4465,4536,4582,4622,4690,4740,4808,4715,4780,4688,4665,4748,4731,4853,4865,4954,5033,5052,5039,5136,5229
"계","계","서비스 종사자",2774,2812,2813,2948,2920,2977,2979,2954,3091,3144,2981,3003,3055,3138,3187,3389,3439,3499,3516,3562,3578,3673
"계","계","판매 종사자",3093,3104,3090,3110,3091,3074,3009,3035,3035,3020,2904,2818,2784,2723,2662,2648,2643,2589,2509,2470,2519,2489
"계","계","농림어업 숙련 종사자",1325,1362,1257,1323,1250,1338,1309,1410,1345,1484,1428,1496,1423,1518,1485,1582,1536,1613,1512,1565,1407,1436
"계","계","기능원 및 관련 기능 종사자",2365,2427,2402,2393,2392,2362,2331,2392,2376,2387,2285,2386,2373,2439,2421,2365,2318,2303,2294,2280,2242,2238
"계","계","장치‧기계 조작 및 조립 종사자",3187,3220,3214,3180,3166,3144,3148,3029,3006,3007,2970,2905,2933,2973,3074,3018,2927,3023,3024,2924,2981,2913
"계","계","단순 노무 종사자",3518,3501,3463,3529,3553,3670,3539,3574,3528,3681,3500,3973,3980,4109,4123,4173,4014,4020,4058,4058,4009,3962
"계","A. 농업, 임업 및 어업(01~03)","계",1422,1473,1355,1420,1340,1435,1394,1493,1406,1551,1479,1574,1476,1594,1545,1641,1557,1657,1562,1591,1427,1467
"계","A. 농업, 임업 및 어업(01~03)","관리자",0,0,0,0,0,0,0,0,0,1,1,1,0,0,1,0,0,0,0,1,0,1
"계","A. 농업, 임업 및 어업(01~03)","전문가 및 관련 종사자",4,4,5,4,4,4,4,4,3,5,3,4,3,4,4,3,3,4,4,4,3,4
"계","A. 농업, 임업 및 어업(01~03)","사무 종사자",9,8,8,7,7,7,9,11,10,11,9,9,9,10,10,10,9,12,11,12,11,11
"계","A. 농업, 임업 및 어업(01~03)","서비스 종사자",0,0,0,0,0,1,1,1,1,1,1,0,0,1,1,1,0,0,1,1,1,0
"계","A. 농업, 임업 및 어업(01~03)","판매 종사자",1,1,1,1,1,2,2,1,1,2,1,2,1,1,1,1,1,2,2,1,1,4
"계","A. 농업, 임업 및 어업(01~03)","농림어업 숙련 종사자",1301,1342,1236,1300,1231,1309,1281,1377,1316,1442,1397,1470,1397,1493,1462,1556,1493,1576,1481,1519,1360,1391
"계","A. 농업, 임업 및 어업(01~03)","기능원 및 관련 기능 종사자",1,1,0,1,0,0,2,3,1,1,1,1,2,2,2,1,1,0,1,1,0,0
"계","A. 농업, 임업 및 어업(01~03)","장치‧기계 조작 및 조립 종사자",3,4,2,3,3,3,3,3,2,3,3,3,2,3,2,3,2,2,2,2,2,3
"계","A. 농업, 임업 및 어업(01~03)","단순 노무 종사자",103,113,103,103,94,110,92,92,73,86,64,85,63,79,62,66,48,61,60,51,49,53
"계","B. 광 업(05~08)","계",13,15,19,21,21,23,22,15,15,15,15,11,13,11,13,6,7,8,8,8,8,9
"계","B. 광 업(05~08)","관리자",2,1,1,2,1,1,0,1,1,1,1,0,0,0,0,0,0,0,0,0,0,0
"계","B. 광 업(05~08)","전문가 및 관련 종사자",0,1,2,1,1,2,1,1,0,0,0,0,0,0,0,0,0,1,1,1,0,0
"계","B. 광 업(05~08)","사무 종사자",2,3,3,3,4,6,6,3,2,2,3,3,3,2,3,1,1,2,2,1,1,2
"계","B. 광 업(05~08)","서비스 종사자",0,0,0,0,0,0,0,-,0,0,0,0,0,0,0,0,0,0,0,0,0,0
"계","B. 광 업(05~08)","판매 종사자",1,0,0,0,0,0,0,0,0,0,0,0,0,-,0,0,-,-,-,-,-,0
"계","B. 광 업(05~08)","농림어업 숙련 종사자",0,0,0,0,-,-,-,-,-,-,-,-,-,-,-,-,-,-,-,-,-,-
"계","B. 광 업(05~08)","기능원 및 관련 기능 종사자",3,5,7,8,7,6,6,4,5,5,5,4,5,3,4,2,3,2,3,3,3,3
"계","B. 광 업(05~08)","장치‧기계 조작 및 조립 종사자",4,4,5,5,6,7,7,4,6,6,5,3,4,4,5,2,3,2,2,3,3,3
"계","B. 광 업(05~08)","단순 노무 종사자",1,1,2,3,3,1,2,1,1,1,1,1,1,1,1,0,0,0,0,0,1,0
"계","C. 제 조 업(10~34)","계",4578,4671,4601,4547,4542,4560,4473,4515,4421,4434,4377,4336,4386,4324,4518,4525,4421,4448,4521,4415,4397,4364
"계","C. 제 조 업(10~34)","관리자",65,68,63,63,57,70,66,80,87,81,70,77,66,70,84,107,103,97,84,88,82,83
"계","C. 제 조 업(10~34)","전문가 및 관련 종사자",473,475,454,464,473,494,499,504,499,522,514,521,534,516,531,524,593,594,621,626,615,645
"계","C. 제 조 업(10~34)","사무 종사자",965,996,982,980,987,1016,1005,1036,1007,998,988,996,1015,977,1019,1038,1038,1052,1086,1079,1089,1096
"계","C. 제 조 업(10~34)","서비스 종사자",14,19,16,16,16,14,12,15,16,17,14,16,15,17,18,19,17,15,16,13,12,14
"계","C. 제 조 업(10~34)","판매 종사자",102,112,112,107,113,113,104,112,113,124,124,110,104,107,107,109,107,98,100,104,102,100
"계","C. 제 조 업(10~34)","농림어업 숙련 종사자",1,0,0,0,0,0,0,0,1,1,1,0,0,0,0,0,1,1,0,0,0,0
"계","C. 제 조 업(10~34)","기능원 및 관련 기능 종사자",861,893,874,853,813,785,763,759,761,765,749,724,747,738,758,704,684,656,684,652,648,647
"계","C. 제 조 업(10~34)","장치‧기계 조작 및 조립 종사자",1655,1671,1673,1667,1668,1648,1650,1601,1571,1550,1536,1490,1489,1493,1577,1579,1505,1548,1540,1463,1493,1436
"계","C. 제 조 업(10~34)","단순 노무 종사자",444,437,427,397,416,420,373,408,368,378,382,403,417,404,424,445,372,388,389,392,356,343
"계","D. 전기, 가스, 증기 및 공기 조절 공급업(35)","계",81,83,77,71,70,68,73,63,67,69,65,75,65,77,76,84,83,95,94,92,89,102
"계","D. 전기, 가스, 증기 및 공기 조절 공급업(35)","관리자",3,2,4,3,3,3,2,1,3,2,2,2,2,3,2,5,5,4,4,4,3,3
"계","D. 전기, 가스, 증기 및 공기 조절 공급업(35)","전문가 및 관련 종사자",21,22,20,18,16,13,14,11,13,14,11,15,11,14,15,15,17,22,23,22,22,26
"계","D. 전기, 가스, 증기 및 공기 조절 공급업(35)","사무 종사자",23,25,24,22,22,21,23,18,18,21,21,22,20,25,24,25,24,28,26,25,24,32
"계","D. 전기, 가스, 증기 및 공기 조절 공급업(35)","서비스 종사자",1,1,1,0,1,1,2,2,1,1,1,2,1,2,2,2,2,2,2,2,2,2
"계","D. 전기, 가스, 증기 및 공기 조절 공급업(35)","판매 종사자",0,0,0,0,0,1,1,1,1,1,1,1,0,0,0,1,1,2,1,1,0,0
"계","D. 전기, 가스, 증기 및 공기 조절 공급업(35)","농림어업 숙련 종사자",0,0,0,0,-,0,0,-,0,0,-,-,-,-,-,-,-,-,-,-,-,-
"계","D. 전기, 가스, 증기 및 공기 조절 공급업(35)","기능원 및 관련 기능 종사자",10,11,11,9,10,11,11,12,11,10,10,12,10,11,10,12,11,13,13,13,12,14
"계","D. 전기, 가스, 증기 및 공기 조절 공급업(35)","장치‧기계 조작 및 조립 종사자",15,14,11,12,13,15,17,15,16,14,14,15,14,15,16,17,16,18,20,20,21,19
"계","D. 전기, 가스, 증기 및 공기 조절 공급업(35)","단순 노무 종사자",7,8,6,6,6,5,5,4,5,6,6,7,7,7,8,8,7,7,6,6,6,6
"계","E. 수도, 하수 및 폐기물 처리, 원료 재생업(36~39)","계",106,105,114,115,117,113,124,139,128,140,149,156,168,170,157,147,152,139,142,143,152,149
"계","E. 수도, 하수 및 폐기물 처리, 원료 재생업(36~39)","관리자",3,3,3,3,2,2,3,5,4,4,3,3,2,3,3,2,3,3,3,3,3,4
"계","E. 수도, 하수 및 폐기물 처리, 원료 재생업(36~39)","전문가 및 관련 종사자",8,6,9,11,11,9,7,8,6,7,5,6,8,7,7,8,9,9,12,13,10,13
"계","E. 수도, 하수 및 폐기물 처리, 원료 재생업(36~39)","사무 종사자",28,26,26,30,32,30,31,34,33,33,33,36,41,44,39,37,36,32,33,34,33,33
"계","E. 수도, 하수 및 폐기물 처리, 원료 재생업(36~39)","서비스 종사자",1,1,1,1,1,1,1,1,1,1,1,1,2,2,2,1,1,1,1,1,2,1
"계","E. 수도, 하수 및 폐기물 처리, 원료 재생업(36~39)","판매 종사자",1,1,2,1,1,2,2,1,1,1,1,2,1,2,1,2,2,1,2,1,2,2
"계","E. 수도, 하수 및 폐기물 처리, 원료 재생업(36~39)","농림어업 숙련 종사자",0,0,0,0,-,-,0,1,0,0,0,0,0,0,1,1,0,0,1,1,-,-
"계","E. 수도, 하수 및 폐기물 처리, 원료 재생업(36~39)","기능원 및 관련 기능 종사자",4,5,5,3,3,4,4,3,4,5,7,7,7,7,6,7,6,5,4,3,4,3
"계","E. 수도, 하수 및 폐기물 처리, 원료 재생업(36~39)","장치‧기계 조작 및 조립 종사자",41,44,47,49,48,43,46,52,47,53,62,60,65,62,57,55,56,53,52,55,61,57
"계","E. 수도, 하수 및 폐기물 처리, 원료 재생업(36~39)","단순 노무 종사자",21,19,19,17,19,23,29,35,31,36,36,42,42,41,42,34,39,34,36,32,39,37
"계","F. 건 설 업(41~42)","계",1869,1854,1823,1908,1989,2030,2023,2090,1993,2039,1934,2075,2075,2127,2123,2139,2092,2153,2098,2061,1948,1937
"계","F. 건 설 업(41~42)","관리자",54,58,58,43,45,43,53,61,74,65,59,61,68,63,62,71,70,67,63,68,60,49
"계","F. 건 설 업(41~42)","전문가 및 관련 종사자",145,154,158,174,186,174,176,158,163,178,173,182,183,191,197,203,211,229,232,235,219,235
"계","F. 건 설 업(41~42)","사무 종사자",250,252,255,258,277,265,274,274,266,274,277,277,286,292,304,286,313,319,309,298,297,303
"계","F. 건 설 업(41~42)","서비스 종사자",1,1,2,2,2,1,1,2,1,2,1,2,2,2,2,1,3,4,4,1,1,2
"계","F. 건 설 업(41~42)","판매 종사자",16,16,18,15,18,19,21,19,18,21,19,21,17,17,19,17,15,20,16,16,13,18
"계","F. 건 설 업(41~42)","농림어업 숙련 종사자",2,2,3,3,4,3,4,2,4,3,4,3,2,3,2,4,3,2,3,5,5,4
"계","F. 건 설 업(41~42)","기능원 및 관련 기능 종사자",877,865,855,896,925,936,941,997,956,969,892,982,965,1014,984,1014,979,1008,991,990,941,941
"계","F. 건 설 업(41~42)","장치‧기계 조작 및 조립 종사자",181,190,185,181,190,183,180,182,173,175,180,183,179,181,185,171,162,178,177,177,166,166
"계","F. 건 설 업(41~42)","단순 노무 종사자",343,316,289,336,344,405,374,394,339,352,329,365,374,365,368,372,338,326,303,271,246,218
"계","G. 도매 및 소매업(45~47)","계",3811,3754,3719,3754,3795,3799,3735,3699,3658,3632,3536,3445,3353,3331,3342,3272,3280,3282,3242,3134,3239,3180
"계","G. 도매 및 소매업(45~47)","관리자",24,29,22,19,24,21,26,28,28,30,35,29,30,31,39,42,37,41,33,31,30,25
"계","G. 도매 및 소매업(45~47)","전문가 및 관련 종사자",235,229,226,240,241,277,260,245,224,237,234,222,209,219,229,213,214,224,255,251,263,280
"계","G. 도매 및 소매업(45~47)","사무 종사자",637,612,619,628,648,634,643,642,639,645,622,624,603,591,609,597,628,645,646,621,642,648
"계","G. 도매 및 소매업(45~47)","서비스 종사자",12,19,12,18,16,18,14,14,15,16,13,11,9,10,11,16,15,14,14,13,10,12
"계","G. 도매 및 소매업(45~47)","판매 종사자",2300,2270,2246,2264,2270,2245,2206,2204,2193,2146,2074,2010,1974,1949,1921,1888,1902,1867,1808,1741,1794,1738
"계","G. 도매 및 소매업(45~47)","농림어업 숙련 종사자",0,0,0,0,0,1,1,1,1,0,1,0,1,0,0,1,-,0,1,0,0,1
"계","G. 도매 및 소매업(45~47)","기능원 및 관련 기능 종사자",94,111,112,109,112,106,106,106,108,105,105,104,100,99,97,93,89,90,89,97,102,96
"계","G. 도매 및 소매업(45~47)","장치‧기계 조작 및 조립 종사자",99,99,100,84,85,93,106,81,77,82,75,70,68,68,69,54,56,57,60,54,62,59
"계","G. 도매 및 소매업(45~47)","단순 노무 종사자",411,386,382,392,401,404,372,379,374,371,377,374,361,363,368,368,340,344,336,326,336,323
"계","H. 운수 및 창고업(49~52)","계",1435,1429,1439,1414,1409,1407,1409,1412,1424,1440,1457,1468,1564,1631,1651,1635,1638,1664,1690,1716,1716,1730
"계","H. 운수 및 창고업(49~52)","관리자",13,11,12,12,9,12,12,14,10,11,11,10,10,10,12,14,18,20,17,17,15,12
"계","H. 운수 및 창고업(49~52)","전문가 및 관련 종사자",26,30,31,29,27,28,33,33,33,32,32,36,39,41,39,39,40,40,43,47,48,48
"계","H. 운수 및 창고업(49~52)","사무 종사자",214,213,221,205,217,216,219,227,233,238,236,237,245,251,246,235,248,251,255,259,262,281
"계","H. 운수 및 창고업(49~52)","서비스 종사자",23,21,21,19,22,22,25,22,26,25,28,26,26,26,26,32,32,28,33,37,36,41
"계","H. 운수 및 창고업(49~52)","판매 종사자",17,14,15,15,16,13,15,14,17,18,19,16,17,15,13,16,13,12,12,11,11,14
"계","H. 운수 및 창고업(49~52)","농림어업 숙련 종사자",0,1,0,0,-,0,0,0,0,0,0,0,0,0,0,0,-,0,-,0,-,0
"계","H. 운수 및 창고업(49~52)","기능원 및 관련 기능 종사자",43,42,43,39,43,36,36,41,45,47,47,46,48,47,45,41,47,47,46,47,45,46
"계","H. 운수 및 창고업(49~52)","장치‧기계 조작 및 조립 종사자",893,887,885,881,860,857,846,817,820,817,799,779,820,845,841,833,830,848,861,844,857,844
"계","H. 운수 및 창고업(49~52)","단순 노무 종사자",208,210,211,215,216,222,224,245,240,251,285,319,360,396,429,427,411,419,423,453,443,446
"계","I. 숙박 및 음식점업(55~56)","계",2126,2210,2246,2314,2274,2286,2247,2189,2288,2301,2077,2075,2138,2096,2111,2249,2282,2301,2312,2329,2313,2352
"계","I. 숙박 및 음식점업(55~56)","관리자",10,16,16,16,14,8,10,15,14,13,14,14,12,11,13,16,18,21,12,14,12,11
"계","I. 숙박 및 음식점업(55~56)","전문가 및 관련 종사자",16,17,20,23,16,18,16,15,16,15,14,13,15,13,13,14,13,15,18,18,16,15
"계","I. 숙박 및 음식점업(55~56)","사무 종사자",40,44,47,47,44,46,41,40,37,39,36,35,35,30,28,39,40,39,38,40,41,50
"계","I. 숙박 및 음식점업(55~56)","서비스 종사자",1394,1465,1450,1532,1499,1499,1509,1472,1522,1541,1401,1404,1441,1444,1459,1582,1612,1639,1651,1650,1647,1682
"계","I. 숙박 및 음식점업(55~56)","판매 종사자",203,206,225,219,223,235,219,213,231,242,218,204,214,186,185,202,190,179,175,178,180,183
"계","I. 숙박 및 음식점업(55~56)","농림어업 숙련 종사자",0,0,0,0,1,1,0,0,0,1,1,0,0,0,0,1,1,0,0,0,1,1
"계","I. 숙박 및 음식점업(55~56)","기능원 및 관련 기능 종사자",28,29,30,27,30,39,39,37,38,41,41,39,42,41,41,43,48,52,47,53,55,57
"계","I. 숙박 및 음식점업(55~56)","장치‧기계 조작 및 조립 종사자",6,4,7,6,6,7,7,6,7,7,5,6,6,6,6,7,7,6,6,7,9,9
"계","I. 숙박 및 음식점업(55~56)","단순 노무 종사자",428,428,451,443,442,435,406,391,423,402,347,360,373,364,366,348,353,351,364,371,352,344
"계","J. 정보통신업(58~63)","계",773,781,755,790,785,782,815,863,859,859,852,826,893,929,981,988,1011,1064,1079,1132,1151,1128
"계","J. 정보통신업(58~63)","관리자",13,16,15,14,11,14,15,16,18,17,15,20,21,20,20,20,23,22,23,22,20,18
"계","J. 정보통신업(58~63)","전문가 및 관련 종사자",475,473,465,485,489,500,514,534,543,543,549,548,593,619,670,667,700,743,756,800,824,826
"계","J. 정보통신업(58~63)","사무 종사자",169,180,172,183,179,168,186,204,192,192,184,162,183,195,200,205,192,208,214,221,220,198
"계","J. 정보통신업(58~63)","서비스 종사자",3,2,3,2,3,3,4,4,4,2,2,2,1,3,2,3,3,5,3,2,2,4
"계","J. 정보통신업(58~63)","판매 종사자",29,34,29,32,29,25,25,30,23,25,21,20,16,17,17,20,16,17,14,17,15,15
"계","J. 정보통신업(58~63)","농림어업 숙련 종사자",0,0,0,0,-,-,-,-,-,-,-,-,0,-,-,-,-,-,-,-,-,-
"계","J. 정보통신업(58~63)","기능원 및 관련 기능 종사자",37,36,30,32,33,32,27,31,35,33,31,28,30,30,29,27,33,27,28,29,32,31
"계","J. 정보통신업(58~63)","장치‧기계 조작 및 조립 종사자",9,8,7,8,7,6,7,5,7,7,7,6,5,4,4,7,6,7,7,7,8,7
"계","J. 정보통신업(58~63)","단순 노무 종사자",38,33,33,34,34,34,38,38,37,41,43,41,44,41,41,40,39,35,34,33,30,30
"계","K. 금융 및 보험업(64~66)","계",767,769,759,792,759,779,805,815,760,766,749,740,769,747,709,734,739,759,745,782,810,816
"계","K. 금융 및 보험업(64~66)","관리자",55,49,45,47,46,52,53,55,52,49,47,48,53,50,49,54,48,57,58,55,63,60
"계","K. 금융 및 보험업(64~66)","전문가 및 관련 종사자",54,57,60,53,55,62,68,67,64,68,66,67,67,66,66,70,77,76,84,85,90,98
"계","K. 금융 및 보험업(64~66)","사무 종사자",369,352,359,388,380,378,408,389,357,365,362,346,355,341,327,348,352,355,342,357,368,364
"계","K. 금융 및 보험업(64~66)","서비스 종사자",5,5,4,6,6,4,3,4,4,5,4,3,5,4,6,4,4,5,4,5,4,5
"계","K. 금융 및 보험업(64~66)","판매 종사자",272,295,279,286,260,272,263,290,274,271,263,266,280,277,252,250,249,256,246,270,274,279
"계","K. 금융 및 보험업(64~66)","농림어업 숙련 종사자",0,0,0,0,-,0,1,1,0,0,0,0,0,0,0,0,1,1,1,1,1,0
"계","K. 금융 및 보험업(64~66)","기능원 및 관련 기능 종사자",2,2,2,3,2,1,1,2,2,2,1,1,1,1,1,1,1,1,1,1,1,1
"계","K. 금융 및 보험업(64~66)","장치‧기계 조작 및 조립 종사자",3,3,3,3,3,3,3,2,3,2,2,3,2,2,2,3,2,2,1,2,2,2
"계","K. 금융 및 보험업(64~66)","단순 노무 종사자",7,7,6,7,7,7,7,6,5,5,4,6,6,6,6,6,6,7,8,7,7,7
"계","L. 부동산업(68)","계",452,468,453,498,547,534,518,538,562,577,525,504,527,544,545,551,548,524,525,520,517,531
"계","L. 부동산업(68)","관리자",17,14,13,11,6,7,12,16,17,18,19,18,15,16,16,15,16,15,15,14,17,9
"계","L. 부동산업(68)","전문가 및 관련 종사자",159,173,173,201,225,215,197,197,197,190,159,155,153,161,165,172,171,157,161,162,153,150
"계","L. 부동산업(68)","사무 종사자",115,114,116,130,145,146,142,146,148,163,141,135,150,151,151,148,141,142,138,132,133,149
"계","L. 부동산업(68)","서비스 종사자",1,1,1,1,1,1,1,1,2,3,2,1,2,2,2,2,2,1,1,1,1,0
"계","L. 부동산업(68)","판매 종사자",5,6,6,7,8,5,5,7,9,6,5,5,4,4,4,4,7,5,5,4,4,3
"계","L. 부동산업(68)","농림어업 숙련 종사자",0,0,0,0,0,0,0,-,-,0,0,0,1,1,1,0,0,0,1,1,0,0
"계","L. 부동산업(68)","기능원 및 관련 기능 종사자",11,12,10,11,10,14,10,16,18,18,17,13,15,15,16,14,14,13,13,12,9,14
"계","L. 부동산업(68)","장치‧기계 조작 및 조립 종사자",29,30,32,32,35,32,30,30,32,34,35,37,37,40,39,33,35,37,40,39,37,41
"계","L. 부동산업(68)","단순 노무 종사자",116,118,103,105,116,114,119,127,140,145,147,141,151,154,152,163,162,155,152,156,164,166
"계","M. 전문, 과학 및 기술 서비스업(70~73)","계",1018,1061,1091,1107,1100,1090,1077,1096,1125,1182,1144,1173,1208,1237,1258,1293,1357,1369,1402,1447,1516,1445
"계","M. 전문, 과학 및 기술 서비스업(70~73)","관리자",16,14,18,16,17,10,13,13,19,16,19,22,17,25,27,30,30,27,27,25,21,21
"계","M. 전문, 과학 및 기술 서비스업(70~73)","전문가 및 관련 종사자",608,631,652,660,662,642,649,651,657,695,691,703,728,755,759,799,843,857,873,930,968,911
"계","M. 전문, 과학 및 기술 서비스업(70~73)","사무 종사자",322,339,358,357,352,352,340,357,367,387,360,370,384,379,396,382,402,400,417,407,434,425
"계","M. 전문, 과학 및 기술 서비스업(70~73)","서비스 종사자",11,12,8,11,10,10,11,13,10,12,9,12,12,14,14,16,18,17,18,15,20,18
"계","M. 전문, 과학 및 기술 서비스업(70~73)","판매 종사자",17,16,18,20,20,16,18,15,15,18,17,17,20,17,18,17,17,18,16,17,17,17
"계","M. 전문, 과학 및 기술 서비스업(70~73)","농림어업 숙련 종사자",1,0,0,1,1,2,0,1,2,1,1,1,0,1,1,1,1,1,1,2,1,1
"계","M. 전문, 과학 및 기술 서비스업(70~73)","기능원 및 관련 기능 종사자",16,15,16,13,11,20,16,16,18,18,14,17,16,19,18,20,19,20,19,20,24,22
"계","M. 전문, 과학 및 기술 서비스업(70~73)","장치‧기계 조작 및 조립 종사자",17,17,13,14,12,23,16,18,21,20,18,16,15,13,13,16,15,15,14,15,16,15
"계","M. 전문, 과학 및 기술 서비스업(70~73)","단순 노무 종사자",12,15,9,15,15,15,13,12,17,16,15,16,16,14,14,14,13,14,19,16,16,14
"계","N. 사업시설 관리, 사업 지원 및 임대 서비스업(74~76)","계",1327,1374,1391,1412,1353,1370,1353,1281,1300,1340,1317,1402,1356,1421,1459,1421,1442,1458,1376,1396,1346,1409
"계","N. 사업시설 관리, 사업 지원 및 임대 서비스업(74~76)","관리자",10,9,8,7,5,10,12,10,13,10,11,12,9,9,12,10,13,14,8,12,13,10
"계","N. 사업시설 관리, 사업 지원 및 임대 서비스업(74~76)","전문가 및 관련 종사자",57,62,54,63,51,60,63,61,63,59,60,65,58,63,57,65,71,78,74,77,70,82
"계","N. 사업시설 관리, 사업 지원 및 임대 서비스업(74~76)","사무 종사자",238,245,251,259,240,270,270,272,276,285,281,276,266,266,290,282,280,282,281,274,268,298
"계","N. 사업시설 관리, 사업 지원 및 임대 서비스업(74~76)","서비스 종사자",102,104,97,99,95,89,91,88,91,98,92,91,87,99,103,96,98,105,98,99,90,90
"계","N. 사업시설 관리, 사업 지원 및 임대 서비스업(74~76)","판매 종사자",75,74,81,83,77,77,76,76,77,76,82,82,80,80,78,77,75,72,70,66,62,69
"계","N. 사업시설 관리, 사업 지원 및 임대 서비스업(74~76)","농림어업 숙련 종사자",12,10,10,11,8,15,13,15,11,16,11,11,12,10,11,11,24,21,13,23,23,20
"계","N. 사업시설 관리, 사업 지원 및 임대 서비스업(74~76)","기능원 및 관련 기능 종사자",96,98,100,98,106,88,87,80,82,88,80,96,89,101,98,93,99,95,94,95,95,98
"계","N. 사업시설 관리, 사업 지원 및 임대 서비스업(74~76)","장치‧기계 조작 및 조립 종사자",99,100,98,97,93,93,90,83,88,97,97,100,96,103,120,98,95,107,99,95,98,100
"계","N. 사업시설 관리, 사업 지원 및 임대 서비스업(74~76)","단순 노무 종사자",638,673,693,696,679,668,651,596,600,611,604,668,659,690,691,689,687,684,640,655,627,643
"계","O. 공공 행정, 국방 및 사회보장 행정(84)","계",995,1001,1051,1052,1066,1141,1162,1185,1150,1131,1111,1257,1198,1232,1295,1288,1300,1308,1318,1345,1369,1347
"계","O. 공공 행정, 국방 및 사회보장 행정(84)","관리자",11,16,11,15,13,15,12,14,14,13,12,14,16,18,17,12,13,14,14,12,14,15
"계","O. 공공 행정, 국방 및 사회보장 행정(84)","전문가 및 관련 종사자",100,103,101,94,97,94,98,109,98,103,103,95,96,99,106,98,103,106,107,118,124,129
"계","O. 공공 행정, 국방 및 사회보장 행정(84)","사무 종사자",464,471,499,497,507,553,559,564,531,513,528,526,530,527,568,569,581,592,594,620,634,636
"계","O. 공공 행정, 국방 및 사회보장 행정(84)","서비스 종사자",185,175,192,199,197,212,211,209,202,191,204,192,205,221,239,260,256,252,249,248,239,225
"계","O. 공공 행정, 국방 및 사회보장 행정(84)","판매 종사자",1,1,2,1,1,2,1,2,2,3,2,3,1,1,2,2,1,1,1,1,1,2
"계","O. 공공 행정, 국방 및 사회보장 행정(84)","농림어업 숙련 종사자",1,1,2,1,1,1,3,3,2,3,1,2,1,1,1,2,3,3,2,3,3,3
"계","O. 공공 행정, 국방 및 사회보장 행정(84)","기능원 및 관련 기능 종사자",14,17,15,13,15,13,11,12,11,12,11,29,17,18,17,14,14,12,14,14,12,15
"계","O. 공공 행정, 국방 및 사회보장 행정(84)","장치‧기계 조작 및 조립 종사자",13,15,15,15,16,15,15,14,14,16,16,16,17,17,15,17,16,15,14,14,15,15
"계","O. 공공 행정, 국방 및 사회보장 행정(84)","단순 노무 종사자",206,202,215,216,219,238,253,258,277,278,235,381,315,330,331,316,313,312,324,315,328,307
"계","P. 교육 서비스업(85)","계",1815,1888,1855,1881,1940,1885,1834,1870,1889,1875,1759,1772,1825,1880,1900,1914,1907,1870,1858,1954,1925,1966
"계","P. 교육 서비스업(85)","관리자",33,32,32,39,40,38,39,44,46,47,51,50,48,49,47,39,46,46,49,43,45,44
"계","P. 교육 서비스업(85)","전문가 및 관련 종사자",1354,1406,1375,1391,1428,1402,1371,1393,1406,1374,1270,1272,1288,1321,1336,1354,1340,1316,1305,1378,1351,1376
"계","P. 교육 서비스업(85)","사무 종사자",220,221,227,226,240,227,212,220,215,224,225,215,224,238,232,241,250,246,244,258,247,260
"계","P. 교육 서비스업(85)","서비스 종사자",106,113,106,110,110,96,99,98,101,102,101,104,115,113,114,114,121,125,124,132,135,141
"계","P. 교육 서비스업(85)","판매 종사자",1,2,2,3,2,3,3,1,3,3,2,3,3,1,1,3,2,2,2,4,3,2
"계","P. 교육 서비스업(85)","농림어업 숙련 종사자",0,0,0,0,1,0,0,1,1,1,0,1,1,1,1,1,0,0,1,0,1,1
"계","P. 교육 서비스업(85)","기능원 및 관련 기능 종사자",8,7,7,6,5,6,5,6,5,6,7,10,15,24,28,20,14,6,4,5,5,4
"계","P. 교육 서비스업(85)","장치‧기계 조작 및 조립 종사자",28,31,32,32,32,29,30,24,29,25,23,22,25,26,27,27,30,30,26,26,28,29
"계","P. 교육 서비스업(85)","단순 노무 종사자",66,77,74,75,83,83,75,83,83,94,80,95,106,108,116,116,105,101,103,107,110,109
"계","Q. 보건업 및 사회복지 서비스업(86~87)","계",1770,1833,1852,1923,1920,1990,2063,2149,2190,2300,2267,2405,2492,2705,2721,2826,2870,2930,2963,3027,3180,3307
"계","Q. 보건업 및 사회복지 서비스업(86~87)","관리자",15,14,11,9,11,12,14,11,12,16,17,17,14,14,12,17,20,21,15,17,22,19
"계","Q. 보건업 및 사회복지 서비스업(86~87)","전문가 및 관련 종사자",1078,1097,1104,1126,1147,1144,1169,1194,1200,1202,1187,1185,1204,1293,1320,1332,1359,1359,1346,1360,1408,1464
"계","Q. 보건업 및 사회복지 서비스업(86~87)","사무 종사자",164,175,174,173,169,178,181,182,182,188,182,189,195,202,203,230,218,219,215,209,224,236
"계","Q. 보건업 및 사회복지 서비스업(86~87)","서비스 종사자",319,340,362,389,384,421,428,465,482,526,547,568,599,641,658,690,686,724,727,766,789,837
"계","Q. 보건업 및 사회복지 서비스업(86~87)","판매 종사자",3,4,3,3,3,2,3,3,3,2,3,4,4,4,3,4,3,2,2,3,3,4
"계","Q. 보건업 및 사회복지 서비스업(86~87)","농림어업 숙련 종사자",1,0,0,0,0,0,-,1,0,0,0,1,1,1,0,0,0,0,0,1,0,0
"계","Q. 보건업 및 사회복지 서비스업(86~87)","기능원 및 관련 기능 종사자",6,8,9,10,8,7,8,8,9,8,9,11,12,14,12,10,11,8,7,7,9,8
"계","Q. 보건업 및 사회복지 서비스업(86~87)","장치‧기계 조작 및 조립 종사자",27,28,25,24,22,23,31,32,32,31,27,28,27,30,30,35,31,32,35,34,33,32
"계","Q. 보건업 및 사회복지 서비스업(86~87)","단순 노무 종사자",157,167,163,189,177,203,230,253,271,327,297,403,436,507,485,507,542,564,617,631,692,707
"계","R. 예술, 스포츠 및 여가관련 서비스업(90~91)","계",450,429,389,424,419,433,439,432,472,528,483,491,472,466,481,489,521,519,536,507,539,578
"계","R. 예술, 스포츠 및 여가관련 서비스업(90~91)","관리자",3,3,3,4,2,3,3,3,3,3,3,3,4,5,5,2,3,5,6,5,4,4
"계","R. 예술, 스포츠 및 여가관련 서비스업(90~91)","전문가 및 관련 종사자",142,152,132,143,147,146,152,149,158,179,172,183,177,171,183,185,205,206,210,211,225,237
"계","R. 예술, 스포츠 및 여가관련 서비스업(90~91)","사무 종사자",61,59,59,66,58,47,56,57,57,65,64,67,66,69,66,64,67,74,71,64,74,75
"계","R. 예술, 스포츠 및 여가관련 서비스업(90~91)","서비스 종사자",172,144,129,138,141,170,156,152,172,174,156,148,139,144,150,158,160,156,168,148,157,173
"계","R. 예술, 스포츠 및 여가관련 서비스업(90~91)","판매 종사자",22,25,22,25,25,19,24,23,29,35,28,30,26,20,21,19,22,19,18,20,21,22
"계","R. 예술, 스포츠 및 여가관련 서비스업(90~91)","농림어업 숙련 종사자",6,4,4,5,4,4,5,8,7,15,10,7,7,6,5,5,7,7,7,9,11,13
"계","R. 예술, 스포츠 및 여가관련 서비스업(90~91)","기능원 및 관련 기능 종사자",7,5,7,6,5,7,6,4,6,8,7,8,6,7,7,7,6,6,5,6,7,6
"계","R. 예술, 스포츠 및 여가관련 서비스업(90~91)","장치‧기계 조작 및 조립 종사자",6,5,4,4,5,6,5,5,6,8,9,7,6,6,8,5,5,7,8,6,6,9
"계","R. 예술, 스포츠 및 여가관련 서비스업(90~91)","단순 노무 종사자",31,31,29,33,33,32,31,31,35,43,34,39,41,37,36,44,47,40,43,39,35,39
"계","S. 협회 및 단체, 수리 및 기타 개인 서비스업(94~96)","계",1240,1229,1245,1224,1218,1231,1249,1198,1260,1213,1160,1182,1131,1125,1106,1118,1130,1127,1126,1149,1153,1136
"계","S. 협회 및 단체, 수리 및 기타 개인 서비스업(94~96)","관리자",5,6,3,4,2,4,5,4,4,3,5,5,3,4,4,4,6,4,4,5,5,6
"계","S. 협회 및 단체, 수리 및 기타 개인 서비스업(94~96)","전문가 및 관련 종사자",168,173,165,174,169,164,173,166,183,182,171,162,160,152,156,152,157,167,167,173,175,169
"계","S. 협회 및 단체, 수리 및 기타 개인 서비스업(94~96)","사무 종사자",118,120,127,117,111,122,133,129,137,128,126,136,132,135,133,121,126,127,125,122,127,127
"계","S. 협회 및 단체, 수리 및 기타 개인 서비스업(94~96)","서비스 종사자",422,387,407,401,415,413,408,390,440,423,398,414,389,391,375,390,406,402,401,424,426,418
"계","S. 협회 및 단체, 수리 및 기타 개인 서비스업(94~96)","판매 종사자",27,25,29,26,24,24,21,22,25,26,25,24,23,24,19,17,20,18,18,17,16,17
"계","S. 협회 및 단체, 수리 및 기타 개인 서비스업(94~96)","농림어업 숙련 종사자",0,0,1,0,0,1,0,0,0,0,0,0,0,0,-,-,1,1,1,1,0,-
"계","S. 협회 및 단체, 수리 및 기타 개인 서비스업(94~96)","기능원 및 관련 기능 종사자",247,262,265,255,251,251,253,254,260,245,249,252,244,244,245,241,239,237,229,230,238,232
"계","S. 협회 및 단체, 수리 및 기타 개인 서비스업(94~96)","장치‧기계 조작 및 조립 종사자",57,65,66,63,63,56,60,54,56,59,58,60,55,55,58,59,56,58,58,62,64,66
"계","S. 협회 및 단체, 수리 및 기타 개인 서비스업(94~96)","단순 노무 종사자",196,191,182,184,183,196,195,180,154,145,129,129,124,121,116,135,120,113,124,115,101,101
"계","T. 가구 내 고용활동 및 달리 분류되지 않은 자가소비 생산활동(97~98)","계",89,71,70,65,71,59,51,41,59,101,89,105,91,83,73,80,79,71,81,85,77,76
"계","T. 가구 내 고용활동 및 달리 분류되지 않은 자가소비 생산활동(97~98)","관리자",-,-,-,-,-,-,-,-,-,-,-,-,-,-,-,-,-,-,-,-,-,-
"계","T. 가구 내 고용활동 및 달리 분류되지 않은 자가소비 생산활동(97~98)","전문가 및 관련 종사자",1,1,2,1,0,2,0,-,1,2,-,1,0,1,1,1,2,2,1,1,0,1
"계","T. 가구 내 고용활동 및 달리 분류되지 않은 자가소비 생산활동(97~98)","사무 종사자",0,0,0,0,-,0,-,-,-,0,-,-,-,-,-,-,0,-,-,-,-,-
"계","T. 가구 내 고용활동 및 달리 분류되지 않은 자가소비 생산활동(97~98)","서비스 종사자",1,1,2,3,2,2,2,1,1,5,4,6,4,4,4,5,4,3,5,5,5,7
"계","T. 가구 내 고용활동 및 달리 분류되지 않은 자가소비 생산활동(97~98)","판매 종사자",-,-,-,-,-,-,-,-,-,-,-,-,-,-,-,-,-,-,-,-,-,-
"계","T. 가구 내 고용활동 및 달리 분류되지 않은 자가소비 생산활동(97~98)","농림어업 숙련 종사자",0,0,0,0,-,-,-,-,-,-,1,-,-,-,-,-,-,-,-,-,-,0
"계","T. 가구 내 고용활동 및 달리 분류되지 않은 자가소비 생산활동(97~98)","기능원 및 관련 기능 종사자",0,0,0,0,0,0,0,0,0,0,0,0,1,1,1,0,-,1,-,-,0,-
"계","T. 가구 내 고용활동 및 달리 분류되지 않은 자가소비 생산활동(97~98)","장치‧기계 조작 및 조립 종사자",2,1,0,0,0,0,-,0,0,0,-,0,1,0,0,1,-,0,0,0,-,-
"계","T. 가구 내 고용활동 및 달리 분류되지 않은 자가소비 생산활동(97~98)","단순 노무 종사자",86,69,66,61,69,55,49,40,57,94,84,98,85,76,68,73,72,66,76,79,72,68
"계","U. 국제 및 외국기관(99)","계",16,21,19,14,11,12,5,7,11,15,16,16,15,13,13,18,17,18,17,15,14,13
"계","U. 국제 및 외국기관(99)","관리자",0,0,0,0,-,0,0,-,-,-,-,-,-,-,-,1,-,0,0,-,-,-
"계","U. 국제 및 외국기관(99)","전문가 및 관련 종사자",3,3,4,2,1,1,1,0,1,1,1,2,2,1,0,4,3,3,4,3,3,2
"계","U. 국제 및 외국기관(99)","사무 종사자",8,11,8,7,6,7,3,4,7,8,10,6,6,5,6,8,9,9,7,7,7,6
"계","U. 국제 및 외국기관(99)","서비스 종사자",1,1,1,1,1,0,0,0,0,1,1,1,1,1,1,1,1,0,1,0,1,1
"계","U. 국제 및 외국기관(99)","판매 종사자",0,0,0,0,0,1,0,0,0,-,-,-,1,0,1,0,0,0,0,0,0,0
"계","U. 국제 및 외국기관(99)","농림어업 숙련 종사자",0,0,0,0,-,-,-,-,-,-,-,-,-,-,-,-,-,-,-,-,-,-
"계","U. 국제 및 외국기관(99)","기능원 및 관련 기능 종사자",2,5,4,2,1,2,1,1,1,2,2,4,2,2,2,1,2,2,3,2,1,0
"계","U. 국제 및 외국기관(99)","장치‧기계 조작 및 조립 종사자",1,0,1,0,1,1,0,1,1,2,2,2,1,1,1,2,2,1,2,1,1,1
"계","U. 국제 및 외국기관(99)","단순 노무 종사자",0,1,1,1,1,1,0,1,1,2,1,1,2,2,2,1,1,1,1,1,1,1
"남자","계","계",15192,15285,15191,15410,15378,15469,15391,15462,15420,15606,15237,15456,15514,15730,15933,16068,15943,16096,15962,15982,15995,16005
"남자","계","관리자",319,317,305,292,267,285,301,329,351,337,334,340,325,337,363,396,396,396,365,355,352,319
"남자","계","전문가 및 관련 종사자",2693,2750,2722,2806,2812,2806,2843,2804,2812,2879,2833,2834,2851,2877,2977,3011,3113,3209,3249,3402,3437,3466
"남자","계","사무 종사자",2342,2390,2378,2394,2446,2441,2436,2474,2392,2392,2322,2282,2325,2319,2317,2352,2391,2412,2378,2408,2446,2467
"남자","계","서비스 종사자",970,930,938,984,970,997,976,963,1028,1047,995,995,1057,1074,1109,1214,1191,1181,1167,1126,1116,1133
"남자","계","판매 종사자",1512,1502,1520,1540,1509,1519,1490,1490,1512,1496,1447,1403,1350,1334,1285,1232,1222,1186,1160,1137,1179,1182
"남자","계","농림어업 숙련 종사자",797,798,766,794,787,818,800,842,831,886,874,915,883,932,918,958,957,978,922,938,876,892
"남자","계","기능원 및 관련 기능 종사자",2057,2118,2095,2067,2064,2028,2002,2081,2080,2090,1995,2111,2092,2140,2113,2074,2043,2036,2047,2025,1986,1990
"남자","계","장치‧기계 조작 및 조립 종사자",2781,2802,2801,2809,2763,2757,2766,2659,2642,2646,2650,2576,2601,2651,2734,2658,2573,2663,2696,2613,2669,2631
"남자","계","단순 노무 종사자",1721,1679,1666,1723,1761,1819,1775,1820,1772,1833,1786,2000,2031,2067,2118,2173,2058,2034,1978,1978,1935,1925
"남자","A. 농업, 임업 및 어업(01~03)","계",819,821,786,807,800,830,817,850,841,896,885,937,893,956,935,970,947,978,924,927,863,888
"남자","A. 농업, 임업 및 어업(01~03)","관리자",0,0,0,0,0,0,0,0,0,0,1,1,0,0,1,0,0,0,0,1,0,1
"남자","A. 농업, 임업 및 어업(01~03)","전문가 및 관련 종사자",4,4,4,4,4,4,4,4,3,5,3,4,3,4,4,3,3,4,3,3,3,4
"남자","A. 농업, 임업 및 어업(01~03)","사무 종사자",5,4,5,4,3,4,5,5,6,7,6,5,5,6,6,5,5,6,6,7,6,5
"남자","A. 농업, 임업 및 어업(01~03)","서비스 종사자",0,0,0,0,0,-,-,0,0,0,0,0,-,-,-,0,-,-,-,0,0,-
"남자","A. 농업, 임업 및 어업(01~03)","판매 종사자",1,1,0,0,0,1,1,0,0,1,0,1,1,1,1,1,1,0,1,1,1,1
"남자","A. 농업, 임업 및 어업(01~03)","농림어업 숙련 종사자",775,779,747,773,770,793,774,810,805,850,847,891,859,911,896,934,918,944,893,895,832,851
"남자","A. 농업, 임업 및 어업(01~03)","기능원 및 관련 기능 종사자",1,1,0,1,0,0,1,0,0,0,0,0,0,0,0,0,0,0,0,0,0,0
"남자","A. 농업, 임업 및 어업(01~03)","장치‧기계 조작 및 조립 종사자",3,4,2,3,3,3,3,3,2,3,3,3,2,2,2,2,2,2,2,2,2,3
"남자","A. 농업, 임업 및 어업(01~03)","단순 노무 종사자",30,30,28,22,20,27,29,27,25,30,26,32,24,31,25,25,18,21,19,18,19,22
"남자","B. 광 업(05~08)","계",11,13,16,18,18,18,18,14,13,12,12,8,11,10,11,6,7,6,6,6,8,9
"남자","B. 광 업(05~08)","관리자",2,1,1,2,1,1,0,1,1,1,1,0,0,0,0,0,0,0,0,0,0,0
"남자","B. 광 업(05~08)","전문가 및 관련 종사자",0,1,2,1,1,2,1,1,0,0,0,0,0,0,0,0,0,0,0,0,0,0
"남자","B. 광 업(05~08)","사무 종사자",1,1,2,2,2,3,3,2,1,1,2,1,2,2,2,1,1,1,1,1,1,2
"남자","B. 광 업(05~08)","서비스 종사자",0,0,0,0,0,0,0,-,0,0,0,0,0,0,-,-,-,-,0,0,0,0
"남자","B. 광 업(05~08)","판매 종사자",1,0,0,0,0,0,0,0,0,0,0,0,0,-,0,-,-,-,-,-,-,0
"남자","B. 광 업(05~08)","농림어업 숙련 종사자",0,0,0,0,-,-,-,-,-,-,-,-,-,-,-,-,-,-,-,-,-,-
"남자","B. 광 업(05~08)","기능원 및 관련 기능 종사자",3,5,6,7,7,5,6,4,5,5,5,3,4,3,4,2,3,2,3,2,3,3
"남자","B. 광 업(05~08)","장치‧기계 조작 및 조립 종사자",4,4,5,5,6,7,7,4,6,5,5,3,4,4,5,2,3,2,2,2,3,3
"남자","B. 광 업(05~08)","단순 노무 종사자",1,1,1,2,2,1,1,1,1,0,0,0,1,0,0,0,0,0,0,0,1,0
"남자","C. 제 조 업(10~34)","계",3263,3313,3300,3280,3205,3192,3184,3206,3141,3164,3148,3114,3118,3086,3245,3230,3135,3169,3256,3164,3168,3155
"남자","C. 제 조 업(10~34)","관리자",63,66,62,63,55,68,63,74,79,76,67,72,60,64,77,100,97,89,78,79,76,77
"남자","C. 제 조 업(10~34)","전문가 및 관련 종사자",389,384,383,391,389,403,414,408,398,427,417,425,435,414,435,420,463,470,495,501,494,516
"남자","C. 제 조 업(10~34)","사무 종사자",653,661,658,649,654,644,652,672,649,635,619,617,623,610,639,644,641,661,676,667,667,662
"남자","C. 제 조 업(10~34)","서비스 종사자",3,2,1,3,3,3,2,4,3,4,4,3,4,4,6,5,4,5,5,3,4,3
"남자","C. 제 조 업(10~34)","판매 종사자",83,88,91,89,88,83,86,88,86,94,97,87,80,83,80,81,81,74,76,80,80,71
"남자","C. 제 조 업(10~34)","농림어업 숙련 종사자",1,0,0,0,0,0,0,0,1,1,1,0,0,0,0,0,1,1,0,0,0,0
"남자","C. 제 조 업(10~34)","기능원 및 관련 기능 종사자",641,671,658,625,589,556,543,554,558,568,560,563,574,561,576,535,522,497,532,502,502,502
"남자","C. 제 조 업(10~34)","장치‧기계 조작 및 조립 종사자",1292,1303,1310,1335,1303,1305,1311,1271,1248,1230,1252,1201,1197,1212,1280,1268,1196,1237,1257,1192,1222,1196
"남자","C. 제 조 업(10~34)","단순 노무 종사자",139,139,137,125,124,131,113,135,119,129,132,145,145,138,153,176,130,137,138,140,124,127
"남자","D. 전기, 가스, 증기 및 공기 조절 공급업(35)","계",67,69,63,59,60,60,63,56,60,58,54,62,52,62,61,67,67,76,78,78,72,80
"남자","D. 전기, 가스, 증기 및 공기 조절 공급업(35)","관리자",3,2,4,3,3,3,2,1,3,2,2,2,2,3,2,5,5,4,4,4,2,3
"남자","D. 전기, 가스, 증기 및 공기 조절 공급업(35)","전문가 및 관련 종사자",19,20,18,17,16,12,13,11,13,13,11,14,11,13,14,15,17,20,21,20,20,23
"남자","D. 전기, 가스, 증기 및 공기 조절 공급업(35)","사무 종사자",16,17,15,15,14,16,16,14,14,15,14,15,13,16,15,14,15,16,16,17,15,19
"남자","D. 전기, 가스, 증기 및 공기 조절 공급업(35)","서비스 종사자",1,0,0,0,0,1,1,1,1,1,1,1,1,1,1,2,1,1,2,2,1,2
"남자","D. 전기, 가스, 증기 및 공기 조절 공급업(35)","판매 종사자",0,0,0,0,0,1,1,1,1,0,0,1,0,0,-,1,1,1,1,1,0,0
"남자","D. 전기, 가스, 증기 및 공기 조절 공급업(35)","농림어업 숙련 종사자",0,0,0,0,-,0,0,-,0,-,-,-,-,-,-,-,-,-,-,-,-,-
"남자","D. 전기, 가스, 증기 및 공기 조절 공급업(35)","기능원 및 관련 기능 종사자",10,11,11,9,10,11,11,12,11,10,10,12,10,11,10,12,11,13,13,13,12,14
"남자","D. 전기, 가스, 증기 및 공기 조절 공급업(35)","장치‧기계 조작 및 조립 종사자",15,14,11,12,13,15,16,14,16,14,14,15,13,15,15,15,14,17,19,19,19,17
"남자","D. 전기, 가스, 증기 및 공기 조절 공급업(35)","단순 노무 종사자",3,4,3,3,3,3,3,2,3,3,2,3,2,3,3,4,4,4,3,3,2,2
"남자","E. 수도, 하수 및 폐기물 처리, 원료 재생업(36~39)","계",86,86,100,101,97,90,102,116,108,117,128,129,139,139,127,126,127,119,117,117,131,131
"남자","E. 수도, 하수 및 폐기물 처리, 원료 재생업(36~39)","관리자",2,2,3,3,2,2,3,5,4,3,3,3,1,2,3,2,3,3,3,3,3,4
"남자","E. 수도, 하수 및 폐기물 처리, 원료 재생업(36~39)","전문가 및 관련 종사자",7,6,9,10,9,8,7,7,6,7,5,5,7,7,6,8,9,9,10,10,10,12
"남자","E. 수도, 하수 및 폐기물 처리, 원료 재생업(36~39)","사무 종사자",14,14,18,22,21,16,18,20,21,21,22,20,24,26,22,25,20,18,18,18,19,20
"남자","E. 수도, 하수 및 폐기물 처리, 원료 재생업(36~39)","서비스 종사자",0,1,1,1,1,0,0,0,1,1,1,1,1,1,1,0,1,1,0,1,1,1
"남자","E. 수도, 하수 및 폐기물 처리, 원료 재생업(36~39)","판매 종사자",1,1,2,1,1,2,1,1,1,0,1,2,1,2,1,2,2,1,2,1,2,2
"남자","E. 수도, 하수 및 폐기물 처리, 원료 재생업(36~39)","농림어업 숙련 종사자",0,0,0,0,-,-,0,1,0,0,0,0,0,0,0,1,0,0,1,1,-,-
"남자","E. 수도, 하수 및 폐기물 처리, 원료 재생업(36~39)","기능원 및 관련 기능 종사자",4,5,5,3,3,4,4,3,4,5,7,6,7,7,6,7,6,5,4,3,3,3
"남자","E. 수도, 하수 및 폐기물 처리, 원료 재생업(36~39)","장치‧기계 조작 및 조립 종사자",41,44,47,49,47,42,46,52,47,52,61,60,64,61,56,54,55,52,51,55,59,56
"남자","E. 수도, 하수 및 폐기물 처리, 원료 재생업(36~39)","단순 노무 종사자",16,13,15,13,14,16,22,26,25,28,29,32,33,32,32,28,32,30,29,26,34,32
"남자","F. 건 설 업(41~42)","계",1711,1703,1679,1753,1812,1847,1810,1883,1799,1837,1726,1876,1863,1901,1875,1906,1831,1885,1836,1808,1705,1690
"남자","F. 건 설 업(41~42)","관리자",53,58,58,42,44,43,52,59,72,65,58,61,66,60,61,69,67,64,62,66,58,48
"남자","F. 건 설 업(41~42)","전문가 및 관련 종사자",137,144,144,161,173,160,157,141,143,157,153,165,162,169,173,181,181,202,205,209,196,208
"남자","F. 건 설 업(41~42)","사무 종사자",147,154,161,161,167,158,150,153,149,152,149,150,152,154,149,147,157,166,154,149,148,145
"남자","F. 건 설 업(41~42)","서비스 종사자",1,0,1,0,1,0,0,1,1,1,1,1,1,1,1,0,1,2,2,0,0,1
"남자","F. 건 설 업(41~42)","판매 종사자",14,13,14,13,16,17,18,14,13,17,14,18,14,13,14,13,12,16,12,12,10,14
"남자","F. 건 설 업(41~42)","농림어업 숙련 종사자",2,2,3,3,3,3,4,2,3,2,3,2,2,3,2,4,2,2,3,4,5,4
"남자","F. 건 설 업(41~42)","기능원 및 관련 기능 종사자",854,845,837,873,898,907,908,967,930,942,866,955,939,987,958,982,946,974,959,957,910,911
"남자","F. 건 설 업(41~42)","장치‧기계 조작 및 조립 종사자",180,189,185,181,189,181,179,182,172,174,179,182,178,180,184,169,161,176,175,175,165,166
"남자","F. 건 설 업(41~42)","단순 노무 종사자",325,297,276,320,322,378,342,365,315,328,304,342,348,334,336,341,304,285,264,236,213,193
"남자","G. 도매 및 소매업(45~47)","계",2039,1997,2009,2032,2038,2052,2015,2009,1983,1971,1915,1867,1819,1803,1790,1740,1695,1684,1668,1628,1708,1705
"남자","G. 도매 및 소매업(45~47)","관리자",22,25,20,17,22,19,24,26,27,29,31,27,27,29,36,39,33,36,29,26,26,21
"남자","G. 도매 및 소매업(45~47)","전문가 및 관련 종사자",163,156,162,171,169,198,184,169,154,161,160,147,142,140,145,141,138,148,160,169,182,184
"남자","G. 도매 및 소매업(45~47)","사무 종사자",295,278,277,276,292,275,281,283,272,275,259,268,265,250,250,259,265,275,276,267,277,286
"남자","G. 도매 및 소매업(45~47)","서비스 종사자",4,7,4,4,6,7,5,4,6,7,4,3,3,3,3,9,6,4,4,4,2,3
"남자","G. 도매 및 소매업(45~47)","판매 종사자",1140,1120,1133,1156,1128,1151,1123,1132,1140,1110,1076,1048,1018,1017,987,925,918,890,874,841,887,886
"남자","G. 도매 및 소매업(45~47)","농림어업 숙련 종사자",0,0,0,0,0,1,1,1,0,0,0,0,0,0,0,1,-,0,1,0,0,1
"남자","G. 도매 및 소매업(45~47)","기능원 및 관련 기능 종사자",80,93,95,91,93,85,88,89,91,87,88,89,85,84,84,80,76,76,77,83,87,82
"남자","G. 도매 및 소매업(45~47)","장치‧기계 조작 및 조립 종사자",96,96,98,82,83,90,104,79,73,80,73,69,66,66,67,50,54,55,58,52,60,57
"남자","G. 도매 및 소매업(45~47)","단순 노무 종사자",239,221,220,236,244,227,206,228,218,223,223,217,212,214,219,236,205,201,190,187,189,187
"남자","H. 운수 및 창고업(49~52)","계",1301,1280,1284,1270,1258,1260,1267,1265,1261,1263,1278,1273,1373,1432,1449,1436,1452,1476,1481,1500,1486,1484
"남자","H. 운수 및 창고업(49~52)","관리자",12,10,12,12,9,11,11,13,9,9,10,9,10,9,12,13,16,18,16,16,15,12
"남자","H. 운수 및 창고업(49~52)","전문가 및 관련 종사자",25,28,30,28,25,27,31,31,31,30,29,31,36,35,35,36,37,36,39,43,44,44
"남자","H. 운수 및 창고업(49~52)","사무 종사자",144,139,141,132,141,143,146,153,151,148,149,142,152,160,151,148,164,169,167,170,168,177
"남자","H. 운수 및 창고업(49~52)","서비스 종사자",11,11,11,9,10,10,12,11,13,12,13,13,14,14,15,17,16,12,16,17,15,16
"남자","H. 운수 및 창고업(49~52)","판매 종사자",6,4,5,4,5,4,6,4,5,6,6,5,6,5,5,5,5,4,5,4,5,6
"남자","H. 운수 및 창고업(49~52)","농림어업 숙련 종사자",0,1,0,0,-,0,0,0,0,0,0,0,0,0,0,0,-,0,-,0,-,0
"남자","H. 운수 및 창고업(49~52)","기능원 및 관련 기능 종사자",42,41,43,39,42,36,35,40,44,46,45,44,48,46,44,39,46,46,45,46,44,45
"남자","H. 운수 및 창고업(49~52)","장치‧기계 조작 및 조립 종사자",886,877,875,873,853,849,837,810,812,808,790,768,809,836,833,821,820,839,851,833,845,832
"남자","H. 운수 및 창고업(49~52)","단순 노무 종사자",175,169,169,176,174,180,188,203,196,204,236,261,299,326,355,358,349,352,342,371,351,352
"남자","I. 숙박 및 음식점업(55~56)","계",780,813,858,874,866,867,829,797,851,868,807,784,852,796,804,896,910,914,901,881,883,890
"남자","I. 숙박 및 음식점업(55~56)","관리자",8,12,13,14,12,6,8,10,9,9,11,8,9,8,10,12,16,16,10,10,8,9
"남자","I. 숙박 및 음식점업(55~56)","전문가 및 관련 종사자",7,8,9,11,6,7,6,5,7,7,6,6,5,3,4,4,4,6,4,5,4,4
"남자","I. 숙박 및 음식점업(55~56)","사무 종사자",22,26,27,29,25,29,25,22,20,23,21,20,19,15,15,20,21,21,22,20,21,25
"남자","I. 숙박 및 음식점업(55~56)","서비스 종사자",507,517,536,559,552,552,536,524,564,574,540,533,590,571,579,655,658,666,661,636,641,638
"남자","I. 숙박 및 음식점업(55~56)","판매 종사자",94,95,103,104,103,105,96,90,99,100,90,77,76,64,63,74,72,66,66,69,67,66
"남자","I. 숙박 및 음식점업(55~56)","농림어업 숙련 종사자",0,0,0,0,1,1,0,0,0,1,1,0,0,0,0,1,1,0,0,0,1,0
"남자","I. 숙박 및 음식점업(55~56)","기능원 및 관련 기능 종사자",17,19,19,16,16,21,21,22,22,23,23,22,22,21,19,20,25,25,26,26,25,28
"남자","I. 숙박 및 음식점업(55~56)","장치‧기계 조작 및 조립 종사자",6,4,6,5,5,7,7,6,6,6,5,6,5,5,5,6,6,6,5,6,8,8
"남자","I. 숙박 및 음식점업(55~56)","단순 노무 종사자",120,133,146,134,147,140,131,118,124,125,111,113,124,108,110,104,108,109,107,110,108,111
"남자","J. 정보통신업(58~63)","계",570,581,545,565,560,557,578,596,609,608,625,616,616,625,666,653,681,693,701,727,757,781
"남자","J. 정보통신업(58~63)","관리자",13,15,14,14,10,13,14,15,17,16,15,19,20,19,17,16,19,19,18,16,17,17
"남자","J. 정보통신업(58~63)","전문가 및 관련 종사자",380,379,369,383,380,382,394,406,416,417,436,439,440,450,486,473,496,520,527,548,578,600
"남자","J. 정보통신업(58~63)","사무 종사자",86,97,82,86,89,87,91,97,97,90,91,78,79,81,90,89,85,79,86,93,94,92
"남자","J. 정보통신업(58~63)","서비스 종사자",2,1,1,1,1,2,2,2,2,2,1,1,1,1,1,1,2,3,1,2,2,2
"남자","J. 정보통신업(58~63)","판매 종사자",16,19,16,16,16,11,13,14,10,13,10,11,8,8,8,12,10,10,8,9,6,7
"남자","J. 정보통신업(58~63)","농림어업 숙련 종사자",0,0,0,0,-,-,-,-,-,-,-,-,0,-,-,-,-,-,-,-,-,-
"남자","J. 정보통신업(58~63)","기능원 및 관련 기능 종사자",36,35,30,32,31,31,26,30,34,32,30,28,29,29,28,26,32,27,27,27,31,31
"남자","J. 정보통신업(58~63)","장치‧기계 조작 및 조립 종사자",9,7,6,8,7,5,6,5,6,6,6,5,4,4,4,5,6,6,7,6,7,7
"남자","J. 정보통신업(58~63)","단순 노무 종사자",29,27,27,26,26,27,31,28,27,33,36,35,34,33,33,32,31,28,29,27,24,27
"남자","K. 금융 및 보험업(64~66)","계",375,372,351,363,358,362,381,362,343,342,344,348,343,328,307,331,333,349,327,338,362,351
"남자","K. 금융 및 보험업(64~66)","관리자",51,44,42,42,40,47,47,46,44,41,40,41,43,41,42,47,41,47,47,43,51,46
"남자","K. 금융 및 보험업(64~66)","전문가 및 관련 종사자",44,47,48,42,44,45,55,50,50,52,51,54,53,52,53,53,59,59,64,66,68,71
"남자","K. 금융 및 보험업(64~66)","사무 종사자",180,181,165,183,186,183,196,177,162,164,171,167,167,156,144,166,167,170,151,159,170,159
"남자","K. 금융 및 보험업(64~66)","서비스 종사자",4,4,3,4,3,3,2,3,3,4,2,2,4,3,5,3,2,3,2,3,3,3
"남자","K. 금융 및 보험업(64~66)","판매 종사자",86,89,86,83,77,76,75,80,80,76,75,78,71,72,59,57,58,64,58,61,66,67
"남자","K. 금융 및 보험업(64~66)","농림어업 숙련 종사자",0,0,0,0,-,0,1,1,0,0,0,0,0,0,0,0,1,1,1,1,1,0
"남자","K. 금융 및 보험업(64~66)","기능원 및 관련 기능 종사자",2,2,2,3,2,1,1,1,2,2,1,1,1,1,1,1,1,1,1,1,1,1
"남자","K. 금융 및 보험업(64~66)","장치‧기계 조작 및 조립 종사자",3,3,3,3,3,3,3,2,3,2,2,3,2,2,2,2,2,2,1,2,2,2
"남자","K. 금융 및 보험업(64~66)","단순 노무 종사자",4,3,3,3,3,4,3,2,1,1,1,2,2,2,2,2,2,2,2,2,2,1
"남자","L. 부동산업(68)","계",281,287,282,300,330,330,315,338,359,357,326,310,327,339,335,335,333,305,311,311,296,309
"남자","L. 부동산업(68)","관리자",14,12,11,9,6,7,10,13,14,16,17,15,14,14,14,11,12,11,12,12,12,8
"남자","L. 부동산업(68)","전문가 및 관련 종사자",89,96,103,113,127,127,112,117,118,112,92,88,90,93,98,103,103,90,93,96,88,88
"남자","L. 부동산업(68)","사무 종사자",59,59,60,67,73,76,71,75,74,75,65,62,69,72,66,64,60,55,55,54,49,57
"남자","L. 부동산업(68)","서비스 종사자",1,0,1,1,0,0,1,1,2,2,2,1,2,1,1,1,1,1,1,1,1,0
"남자","L. 부동산업(68)","판매 종사자",2,2,1,2,3,1,1,3,4,3,3,2,1,2,1,2,3,2,1,1,1,1
"남자","L. 부동산업(68)","농림어업 숙련 종사자",0,0,0,0,0,0,0,-,-,0,0,0,1,1,1,0,0,0,1,1,0,0
"남자","L. 부동산업(68)","기능원 및 관련 기능 종사자",11,12,10,11,10,13,10,16,18,18,17,13,15,15,16,14,14,13,13,11,9,13
"남자","L. 부동산업(68)","장치‧기계 조작 및 조립 종사자",29,30,32,32,35,32,30,29,31,33,35,37,37,40,39,33,35,37,40,39,37,41
"남자","L. 부동산업(68)","단순 노무 종사자",78,77,64,66,77,73,80,85,97,97,96,92,99,101,99,106,105,98,95,97,99,101
"남자","M. 전문, 과학 및 기술 서비스업(70~73)","계",677,705,721,739,739,724,701,703,730,761,747,752,781,792,780,817,852,858,857,918,964,883
"남자","M. 전문, 과학 및 기술 서비스업(70~73)","관리자",16,14,16,16,16,9,13,13,18,16,17,20,16,23,24,28,27,24,24,22,19,19
"남자","M. 전문, 과학 및 기술 서비스업(70~73)","전문가 및 관련 종사자",470,489,495,509,511,490,490,487,493,520,522,522,543,551,548,583,615,625,625,677,708,650
"남자","M. 전문, 과학 및 기술 서비스업(70~73)","사무 종사자",144,154,166,163,166,167,151,159,165,173,159,158,170,168,160,153,161,157,158,165,180,160
"남자","M. 전문, 과학 및 기술 서비스업(70~73)","서비스 종사자",4,2,1,3,3,1,1,2,2,1,1,2,3,2,1,3,2,3,1,3,3,3
"남자","M. 전문, 과학 및 기술 서비스업(70~73)","판매 종사자",13,13,14,16,16,13,13,10,13,13,11,12,14,12,13,11,12,12,10,12,12,12
"남자","M. 전문, 과학 및 기술 서비스업(70~73)","농림어업 숙련 종사자",1,0,0,1,0,1,0,1,1,0,1,0,0,1,1,1,0,1,1,2,1,1
"남자","M. 전문, 과학 및 기술 서비스업(70~73)","기능원 및 관련 기능 종사자",15,14,15,13,10,19,15,15,17,17,13,17,16,19,18,18,18,18,17,19,22,21
"남자","M. 전문, 과학 및 기술 서비스업(70~73)","장치‧기계 조작 및 조립 종사자",11,11,9,11,9,18,11,11,15,15,15,13,12,10,9,13,11,11,11,13,13,12
"남자","M. 전문, 과학 및 기술 서비스업(70~73)","단순 노무 종사자",5,7,4,8,8,7,6,5,8,7,7,8,8,6,7,7,6,7,10,7,7,6
"남자","N. 사업시설 관리, 사업 지원 및 임대 서비스업(74~76)","계",768,753,753,791,782,792,778,740,756,766,746,809,772,819,856,810,840,864,793,814,812,817
"남자","N. 사업시설 관리, 사업 지원 및 임대 서비스업(74~76)","관리자",10,8,7,7,3,9,11,8,10,8,10,11,7,7,10,8,10,11,7,10,11,8
"남자","N. 사업시설 관리, 사업 지원 및 임대 서비스업(74~76)","전문가 및 관련 종사자",36,41,35,44,36,41,43,42,41,39,39,41,35,38,38,45,49,56,51,53,48,53
"남자","N. 사업시설 관리, 사업 지원 및 임대 서비스업(74~76)","사무 종사자",104,103,105,111,109,119,116,124,122,123,116,115,113,110,121,119,122,122,119,117,118,127
"남자","N. 사업시설 관리, 사업 지원 및 임대 서비스업(74~76)","서비스 종사자",62,59,52,57,56,52,60,59,64,69,68,73,65,77,82,74,76,76,70,67,66,61
"남자","N. 사업시설 관리, 사업 지원 및 임대 서비스업(74~76)","판매 종사자",37,34,31,34,35,37,36,34,39,35,39,37,36,37,38,34,33,32,32,31,28,31
"남자","N. 사업시설 관리, 사업 지원 및 임대 서비스업(74~76)","농림어업 숙련 종사자",10,9,8,10,7,14,12,14,11,16,11,11,10,9,10,10,22,19,11,21,22,19
"남자","N. 사업시설 관리, 사업 지원 및 임대 서비스업(74~76)","기능원 및 관련 기능 종사자",92,92,93,91,98,82,82,75,78,83,75,88,82,92,88,83,89,89,88,89,89,90
"남자","N. 사업시설 관리, 사업 지원 및 임대 서비스업(74~76)","장치‧기계 조작 및 조립 종사자",89,87,84,88,83,86,81,77,82,89,91,93,88,93,110,90,88,97,89,86,92,93
"남자","N. 사업시설 관리, 사업 지원 및 임대 서비스업(74~76)","단순 노무 종사자",326,321,338,350,355,352,339,307,310,304,297,342,335,356,360,347,350,361,326,340,340,335
"남자","O. 공공 행정, 국방 및 사회보장 행정(84)","계",633,635,653,647,667,696,688,702,672,648,647,681,682,700,738,734,736,708,686,707,715,708
"남자","O. 공공 행정, 국방 및 사회보장 행정(84)","관리자",10,14,9,13,12,13,11,11,11,10,10,12,14,15,15,10,12,11,13,10,12,12
"남자","O. 공공 행정, 국방 및 사회보장 행정(84)","전문가 및 관련 종사자",67,66,64,58,60,56,59,62,56,59,59,52,51,53,59,58,57,60,54,59,62,65
"남자","O. 공공 행정, 국방 및 사회보장 행정(84)","사무 종사자",262,270,282,277,289,315,300,306,282,263,270,261,274,273,281,278,282,272,262,286,296,297
"남자","O. 공공 행정, 국방 및 사회보장 행정(84)","서비스 종사자",160,151,164,169,168,176,173,173,168,159,172,160,175,190,202,219,214,201,193,189,180,174
"남자","O. 공공 행정, 국방 및 사회보장 행정(84)","판매 종사자",0,1,1,0,1,1,1,1,1,1,1,1,1,1,1,1,0,0,0,1,1,0
"남자","O. 공공 행정, 국방 및 사회보장 행정(84)","농림어업 숙련 종사자",1,1,1,1,1,1,3,3,1,1,1,1,1,1,0,1,3,3,2,3,3,3
"남자","O. 공공 행정, 국방 및 사회보장 행정(84)","기능원 및 관련 기능 종사자",14,16,15,13,15,12,10,12,11,11,11,19,12,12,13,12,11,11,13,13,12,14
"남자","O. 공공 행정, 국방 및 사회보장 행정(84)","장치‧기계 조작 및 조립 종사자",13,15,15,15,16,14,15,14,13,16,16,16,17,17,15,16,16,15,14,14,15,14
"남자","O. 공공 행정, 국방 및 사회보장 행정(84)","단순 노무 종사자",106,101,103,99,106,108,118,119,129,128,109,158,138,139,152,140,141,134,136,132,136,128
"남자","P. 교육 서비스업(85)","계",616,637,608,630,648,612,588,611,625,615,597,589,604,624,610,629,609,630,603,647,613,616
"남자","P. 교육 서비스업(85)","관리자",24,23,24,27,26,24,22,24,25,28,31,29,28,29,27,24,25,25,28,25,27,24
"남자","P. 교육 서비스업(85)","전문가 및 관련 종사자",452,460,443,454,469,444,432,444,454,432,423,422,431,434,433,449,430,443,421,458,431,428
"남자","P. 교육 서비스업(85)","사무 종사자",80,85,77,83,90,80,71,76,79,86,83,72,74,89,79,85,82,85,83,90,82,88
"남자","P. 교육 서비스업(85)","서비스 종사자",7,6,6,6,5,8,7,8,8,9,5,7,7,7,5,8,9,12,12,9,8,8
"남자","P. 교육 서비스업(85)","판매 종사자",0,0,1,0,0,-,1,1,1,1,1,2,1,-,1,0,1,1,1,1,1,1
"남자","P. 교육 서비스업(85)","농림어업 숙련 종사자",0,0,0,0,1,0,0,1,1,1,0,1,1,1,1,1,0,0,1,0,1,1
"남자","P. 교육 서비스업(85)","기능원 및 관련 기능 종사자",7,7,7,5,5,5,4,5,5,6,6,7,9,10,11,6,5,4,3,5,4,3
"남자","P. 교육 서비스업(85)","장치‧기계 조작 및 조립 종사자",24,28,28,28,27,24,26,22,25,23,20,18,21,22,22,22,24,26,22,24,25,27
"남자","P. 교육 서비스업(85)","단순 노무 종사자",22,28,23,26,25,27,24,31,28,31,29,31,31,34,32,34,33,35,32,35,35,36
"남자","Q. 보건업 및 사회복지 서비스업(86~87)","계",362,369,355,352,317,342,405,404,397,428,415,444,439,500,494,520,523,529,552,553,583,606
"남자","Q. 보건업 및 사회복지 서비스업(86~87)","관리자",8,6,4,3,4,5,4,4,4,6,6,5,4,6,5,7,8,9,5,5,7,5
"남자","Q. 보건업 및 사회복지 서비스업(86~87)","전문가 및 관련 종사자",202,203,203,195,179,197,225,217,212,215,216,203,195,221,227,225,222,226,234,238,250,258
"남자","Q. 보건업 및 사회복지 서비스업(86~87)","사무 종사자",55,59,54,53,49,48,57,53,50,55,51,52,52,56,52,55,56,57,54,52,54,61
"남자","Q. 보건업 및 사회복지 서비스업(86~87)","서비스 종사자",27,25,20,22,19,22,24,27,26,32,32,37,35,41,42,48,41,41,43,47,49,54
"남자","Q. 보건업 및 사회복지 서비스업(86~87)","판매 종사자",0,0,1,2,1,0,1,2,1,1,1,2,2,2,1,1,1,0,0,1,0,1
"남자","Q. 보건업 및 사회복지 서비스업(86~87)","농림어업 숙련 종사자",0,0,0,0,0,0,-,1,-,0,-,1,1,1,0,-,0,0,0,1,0,-
"남자","Q. 보건업 및 사회복지 서비스업(86~87)","기능원 및 관련 기능 종사자",4,5,5,5,4,4,4,4,5,4,5,5,6,7,6,6,8,6,5,4,5,4
"남자","Q. 보건업 및 사회복지 서비스업(86~87)","장치‧기계 조작 및 조립 종사자",24,25,23,22,20,20,27,27,27,26,23,24,24,27,26,31,27,28,31,31,31,30
"남자","Q. 보건업 및 사회복지 서비스업(86~87)","단순 노무 종사자",43,46,44,49,42,46,63,70,72,88,81,116,119,140,136,148,161,161,179,174,186,193
"남자","R. 예술, 스포츠 및 여가관련 서비스업(90~91)","계",268,245,215,230,224,232,240,219,242,279,241,256,239,234,259,254,264,254,276,254,260,297
"남자","R. 예술, 스포츠 및 여가관련 서비스업(90~91)","관리자",2,2,2,2,2,2,2,2,2,2,2,2,3,4,4,2,3,4,6,5,3,3
"남자","R. 예술, 스포츠 및 여가관련 서비스업(90~91)","전문가 및 관련 종사자",83,91,74,81,85,82,87,78,86,96,88,98,95,91,110,100,112,107,116,115,121,130
"남자","R. 예술, 스포츠 및 여가관련 서비스업(90~91)","사무 종사자",30,31,27,32,25,22,30,25,23,27,23,27,22,25,23,26,29,29,27,23,25,30
"남자","R. 예술, 스포츠 및 여가관련 서비스업(90~91)","서비스 종사자",107,80,69,73,74,89,80,75,88,92,78,79,72,75,80,83,76,75,83,68,66,82
"남자","R. 예술, 스포츠 및 여가관련 서비스업(90~91)","판매 종사자",10,11,11,11,10,6,10,9,11,14,12,13,11,7,7,7,7,6,6,7,8,7
"남자","R. 예술, 스포츠 및 여가관련 서비스업(90~91)","농림어업 숙련 종사자",5,4,4,4,4,4,5,7,6,13,8,6,7,5,5,5,6,6,6,8,10,12
"남자","R. 예술, 스포츠 및 여가관련 서비스업(90~91)","기능원 및 관련 기능 종사자",6,5,7,6,5,6,5,4,5,7,6,6,6,6,6,6,5,6,5,6,6,6
"남자","R. 예술, 스포츠 및 여가관련 서비스업(90~91)","장치‧기계 조작 및 조립 종사자",6,5,4,3,4,6,5,5,6,7,9,7,6,6,8,5,4,6,8,6,6,9
"남자","R. 예술, 스포츠 및 여가관련 서비스업(90~91)","단순 노무 종사자",18,16,16,18,17,14,15,14,14,20,15,17,18,16,15,19,21,16,21,17,15,19
"남자","S. 협회 및 단체, 수리 및 기타 개인 서비스업(94~96)","계",548,588,594,586,588,596,608,586,622,605,581,588,578,574,580,594,588,585,574,591,598,596
"남자","S. 협회 및 단체, 수리 및 기타 개인 서비스업(94~96)","관리자",4,5,3,3,2,3,3,3,3,2,4,4,3,3,3,3,4,3,3,5,4,4
"남자","S. 협회 및 단체, 수리 및 기타 개인 서비스업(94~96)","전문가 및 관련 종사자",119,126,124,131,129,121,130,123,132,130,123,117,116,109,114,112,116,128,125,130,131,129
"남자","S. 협회 및 단체, 수리 및 기타 개인 서비스업(94~96)","사무 종사자",41,47,52,46,47,54,57,54,55,56,50,47,48,49,49,47,53,47,45,48,54,52
"남자","S. 협회 및 단체, 수리 및 기타 개인 서비스업(94~96)","서비스 종사자",69,63,67,71,69,70,70,70,76,77,67,76,79,80,81,85,80,75,72,76,74,79
"남자","S. 협회 및 단체, 수리 및 기타 개인 서비스업(94~96)","판매 종사자",8,10,10,10,10,10,8,7,9,10,10,8,7,8,8,6,7,7,7,8,7,6
"남자","S. 협회 및 단체, 수리 및 기타 개인 서비스업(94~96)","농림어업 숙련 종사자",0,0,1,0,0,1,0,0,0,0,0,0,0,0,-,-,1,1,1,1,0,-
"남자","S. 협회 및 단체, 수리 및 기타 개인 서비스업(94~96)","기능원 및 관련 기능 종사자",217,237,232,225,224,228,227,227,238,223,227,228,222,225,224,226,223,223,215,216,223,218
"남자","S. 협회 및 단체, 수리 및 기타 개인 서비스업(94~96)","장치‧기계 조작 및 조립 종사자",48,55,57,55,56,51,54,48,51,53,51,53,49,48,52,51,48,50,51,56,57,59
"남자","S. 협회 및 단체, 수리 및 기타 개인 서비스업(94~96)","단순 노무 종사자",42,46,48,46,52,59,59,53,57,53,49,54,53,51,50,64,56,52,55,52,49,50
"남자","T. 가구 내 고용활동 및 달리 분류되지 않은 자가소비 생산활동(97~98)","계",3,1,1,1,1,0,1,1,2,2,5,3,6,3,1,1,0,1,2,2,2,6
"남자","T. 가구 내 고용활동 및 달리 분류되지 않은 자가소비 생산활동(97~98)","관리자",-,-,-,-,-,-,-,-,-,-,-,-,-,-,-,-,-,-,-,-,-,-
"남자","T. 가구 내 고용활동 및 달리 분류되지 않은 자가소비 생산활동(97~98)","전문가 및 관련 종사자",0,0,0,0,-,0,0,-,-,1,-,0,-,-,-,0,0,1,1,1,0,-
"남자","T. 가구 내 고용활동 및 달리 분류되지 않은 자가소비 생산활동(97~98)","사무 종사자",0,0,0,0,-,-,-,-,-,-,-,-,-,-,-,-,-,-,-,-,-,-
"남자","T. 가구 내 고용활동 및 달리 분류되지 않은 자가소비 생산활동(97~98)","서비스 종사자",-,-,-,-,-,-,0,-,-,0,1,-,0,0,0,0,-,0,0,0,1,3
"남자","T. 가구 내 고용활동 및 달리 분류되지 않은 자가소비 생산활동(97~98)","판매 종사자",-,-,-,-,-,-,-,-,-,-,-,-,-,-,-,-,-,-,-,-,-,-
"남자","T. 가구 내 고용활동 및 달리 분류되지 않은 자가소비 생산활동(97~98)","농림어업 숙련 종사자",0,0,0,0,-,-,-,-,-,-,1,-,-,-,-,-,-,-,-,-,-,0
"남자","T. 가구 내 고용활동 및 달리 분류되지 않은 자가소비 생산활동(97~98)","기능원 및 관련 기능 종사자",0,0,0,0,-,0,0,0,0,0,0,0,1,0,0,0,-,0,-,-,0,-
"남자","T. 가구 내 고용활동 및 달리 분류되지 않은 자가소비 생산활동(97~98)","장치‧기계 조작 및 조립 종사자",2,1,0,0,0,0,-,0,0,0,-,0,1,0,0,0,-,0,0,0,-,-
"남자","T. 가구 내 고용활동 및 달리 분류되지 않은 자가소비 생산활동(97~98)","단순 노무 종사자",1,1,1,0,0,0,1,1,2,1,4,2,5,1,1,1,0,1,1,1,1,3
"남자","U. 국제 및 외국기관(99)","계",13,19,16,13,9,11,3,5,6,10,11,12,9,10,12,14,13,14,14,13,9,7
"남자","U. 국제 및 외국기관(99)","관리자",0,0,0,0,-,0,0,-,-,-,-,-,-,-,-,1,-,-,-,-,-,-
"남자","U. 국제 및 외국기관(99)","전문가 및 관련 종사자",3,2,4,2,1,1,0,0,0,-,0,1,1,-,-,3,1,2,3,3,2,1
"남자","U. 국제 및 외국기관(99)","사무 종사자",6,10,6,6,5,6,1,3,3,5,5,4,3,5,5,6,7,7,6,6,5,4
"남자","U. 국제 및 외국기관(99)","서비스 종사자",1,1,1,1,1,0,0,-,-,1,1,1,1,1,1,0,0,-,-,0,0,0
"남자","U. 국제 및 외국기관(99)","판매 종사자",0,0,0,0,0,0,0,0,0,-,-,-,0,0,0,0,0,0,0,0,0,0
"남자","U. 국제 및 외국기관(99)","농림어업 숙련 종사자",0,0,0,0,-,-,-,-,-,-,-,-,-,-,-,-,-,-,-,-,-,-
"남자","U. 국제 및 외국기관(99)","기능원 및 관련 기능 종사자",2,5,4,2,1,2,1,1,1,2,2,4,2,2,2,1,2,2,3,2,1,0
"남자","U. 국제 및 외국기관(99)","장치‧기계 조작 및 조립 종사자",1,0,1,0,1,1,0,1,1,2,2,2,1,1,1,2,2,1,2,1,1,1
"남자","U. 국제 및 외국기관(99)","단순 노무 종사자",0,1,1,1,1,0,0,0,0,1,0,1,1,1,1,1,1,1,1,1,0,0
"여자","계","계",10962,11234,11134,11336,11366,11558,11477,11628,11619,11903,11325,11633,11699,12011,12145,12350,12490,12668,12732,12865,12892,13035
"여자","계","관리자",33,42,32,34,40,38,49,60,67,61,60,66,64,64,59,63,76,82,70,80,76,74
"여자","계","전문가 및 관련 종사자",2433,2520,2490,2549,2632,2643,2620,2697,2713,2730,2580,2603,2678,2832,2875,2909,3017,2998,3045,3111,3150,3242
"여자","계","사무 종사자",2072,2075,2158,2188,2176,2249,2303,2334,2323,2388,2365,2383,2423,2412,2537,2512,2563,2622,2674,2632,2690,2762
"여자","계","서비스 종사자",1804,1882,1875,1964,1951,1980,2002,1991,2063,2097,1986,2008,1997,2063,2078,2175,2248,2318,2349,2436,2463,2539
"여자","계","판매 종사자",1581,1602,1570,1569,1582,1556,1519,1545,1523,1524,1457,1416,1435,1390,1377,1417,1421,1403,1349,1333,1340,1307
"여자","계","농림어업 숙련 종사자",528,564,490,529,463,520,509,569,514,598,554,581,541,585,568,624,579,634,590,626,531,544
"여자","계","기능원 및 관련 기능 종사자",308,309,308,326,328,334,329,310,297,296,290,275,281,299,307,291,275,267,247,255,256,248
"여자","계","장치‧기계 조작 및 조립 종사자",406,418,412,371,403,387,383,369,364,361,320,329,332,323,340,360,354,359,328,311,313,282
"여자","계","단순 노무 종사자",1797,1821,1798,1806,1792,1851,1764,1753,1756,1848,1714,1973,1949,2042,2005,2000,1956,1986,2080,2081,2074,2037
"여자","A. 농업, 임업 및 어업(01~03)","계",603,652,569,613,539,605,577,643,566,655,594,637,583,638,610,671,610,679,638,664,564,579
"여자","A. 농업, 임업 및 어업(01~03)","관리자",-,-,-,-,-,-,-,-,-,0,-,-,-,-,-,-,-,-,-,-,-,-
"여자","A. 농업, 임업 및 어업(01~03)","전문가 및 관련 종사자",0,1,0,0,0,0,0,0,0,0,0,0,-,0,0,1,-,-,1,0,0,0
"여자","A. 농업, 임업 및 어업(01~03)","사무 종사자",4,4,4,3,3,3,4,5,4,4,3,4,4,5,4,5,4,6,6,6,5,6
"여자","A. 농업, 임업 및 어업(01~03)","서비스 종사자",0,0,0,0,0,1,1,1,1,1,1,0,0,1,1,0,0,0,1,1,1,0
"여자","A. 농업, 임업 및 어업(01~03)","판매 종사자",1,1,1,1,1,1,1,1,1,1,1,0,0,0,1,1,0,1,1,1,0,2
"여자","A. 농업, 임업 및 어업(01~03)","농림어업 숙련 종사자",526,563,489,527,461,517,507,567,511,592,550,579,538,582,566,621,575,631,588,623,528,539
"여자","A. 농업, 임업 및 어업(01~03)","기능원 및 관련 기능 종사자",0,0,0,0,0,0,1,2,1,1,1,0,2,2,1,1,1,0,0,1,0,0
"여자","A. 농업, 임업 및 어업(01~03)","장치‧기계 조작 및 조립 종사자",0,0,0,0,-,0,0,0,0,0,0,0,0,0,0,0,0,0,0,0,0,-
"여자","A. 농업, 임업 및 어업(01~03)","단순 노무 종사자",73,83,76,81,73,83,63,66,48,56,38,53,39,48,37,41,29,40,41,32,29,31
"여자","B. 광 업(05~08)","계",2,2,2,3,3,5,4,1,2,3,3,2,2,1,2,0,0,2,1,2,0,0
"여자","B. 광 업(05~08)","관리자",-,-,-,-,-,-,-,-,-,-,-,-,-,-,-,-,-,-,-,-,-,-
"여자","B. 광 업(05~08)","전문가 및 관련 종사자",0,0,0,0,-,-,-,-,-,-,-,-,-,-,-,0,0,0,0,0,0,0
"여자","B. 광 업(05~08)","사무 종사자",2,2,1,1,2,4,3,1,1,2,2,1,1,1,1,0,0,1,1,1,0,0
"여자","B. 광 업(05~08)","서비스 종사자",0,0,0,0,-,0,0,-,0,0,0,0,0,0,0,0,0,0,0,0,0,0
"여자","B. 광 업(05~08)","판매 종사자",0,0,0,0,0,-,-,0,-,-,-,-,-,-,-,0,-,-,-,-,-,0
"여자","B. 광 업(05~08)","농림어업 숙련 종사자",-,-,-,-,-,-,-,-,-,-,-,-,-,-,-,-,-,-,-,-,-,-
"여자","B. 광 업(05~08)","기능원 및 관련 기능 종사자",0,0,0,0,1,0,0,0,0,0,0,0,0,0,0,0,0,0,0,0,0,0
"여자","B. 광 업(05~08)","장치‧기계 조작 및 조립 종사자",0,0,0,0,-,0,0,0,0,0,0,0,0,0,0,0,0,0,0,0,0,0
"여자","B. 광 업(05~08)","단순 노무 종사자",0,0,1,1,1,0,0,0,0,1,0,0,0,0,0,0,0,0,0,0,0,0
"여자","C. 제 조 업(10~34)","계",1315,1358,1301,1267,1336,1368,1290,1309,1280,1270,1229,1222,1268,1238,1273,1295,1286,1279,1264,1252,1229,1209
"여자","C. 제 조 업(10~34)","관리자",2,3,2,0,2,2,3,6,7,5,4,6,6,6,6,8,7,8,6,9,5,6
"여자","C. 제 조 업(10~34)","전문가 및 관련 종사자",84,91,72,74,84,91,85,96,100,95,97,96,99,102,97,103,131,125,127,125,121,128
"여자","C. 제 조 업(10~34)","사무 종사자",312,335,325,331,332,373,354,364,358,363,369,379,392,367,381,393,397,391,410,412,422,433
"여자","C. 제 조 업(10~34)","서비스 종사자",11,17,14,13,13,11,10,11,12,12,10,13,12,12,13,14,12,10,10,10,9,11
"여자","C. 제 조 업(10~34)","판매 종사자",19,24,21,18,25,30,18,24,27,30,26,23,23,25,27,28,26,24,25,24,23,29
"여자","C. 제 조 업(10~34)","농림어업 숙련 종사자",0,0,0,0,-,0,-,-,-,-,-,-,-,0,-,-,-,-,-,0,0,-
"여자","C. 제 조 업(10~34)","기능원 및 관련 기능 종사자",220,223,215,228,224,229,220,205,203,197,190,160,173,177,182,170,162,159,152,150,146,145
"여자","C. 제 조 업(10~34)","장치‧기계 조작 및 조립 종사자",362,368,363,332,365,343,339,331,323,320,283,288,292,281,297,310,309,312,283,271,271,240
"여자","C. 제 조 업(10~34)","단순 노무 종사자",305,298,289,272,292,289,260,273,249,249,250,258,272,267,272,269,243,251,251,252,232,217
"여자","D. 전기, 가스, 증기 및 공기 조절 공급업(35)","계",14,14,14,12,11,9,10,7,7,11,11,13,13,15,16,18,16,19,17,15,17,22
"여자","D. 전기, 가스, 증기 및 공기 조절 공급업(35)","관리자",0,0,0,0,-,-,-,-,-,-,-,0,-,-,0,0,0,-,-,0,1,-
"여자","D. 전기, 가스, 증기 및 공기 조절 공급업(35)","전문가 및 관련 종사자",2,2,2,1,1,1,1,1,0,1,1,1,1,1,1,1,1,2,2,1,2,2
"여자","D. 전기, 가스, 증기 및 공기 조절 공급업(35)","사무 종사자",7,8,9,8,7,5,7,4,4,6,7,7,7,10,9,10,9,12,10,8,9,13
"여자","D. 전기, 가스, 증기 및 공기 조절 공급업(35)","서비스 종사자",0,0,0,0,0,0,0,1,0,0,0,0,0,0,0,0,1,1,0,0,0,0
"여자","D. 전기, 가스, 증기 및 공기 조절 공급업(35)","판매 종사자",0,0,0,0,-,0,0,0,0,1,0,0,0,-,0,-,0,0,-,-,0,-
"여자","D. 전기, 가스, 증기 및 공기 조절 공급업(35)","농림어업 숙련 종사자",-,-,-,-,-,-,-,-,-,0,-,-,-,-,-,-,-,-,-,-,-,-
"여자","D. 전기, 가스, 증기 및 공기 조절 공급업(35)","기능원 및 관련 기능 종사자",0,0,0,0,0,-,-,0,0,0,0,0,0,0,0,0,0,0,0,0,0,0
"여자","D. 전기, 가스, 증기 및 공기 조절 공급업(35)","장치‧기계 조작 및 조립 종사자",0,0,0,0,0,0,0,0,0,0,0,0,0,0,1,1,2,1,1,1,2,2
"여자","D. 전기, 가스, 증기 및 공기 조절 공급업(35)","단순 노무 종사자",3,4,3,3,2,2,2,2,2,3,3,4,4,4,5,4,3,3,3,3,4,4
"여자","E. 수도, 하수 및 폐기물 처리, 원료 재생업(36~39)","계",20,19,14,15,20,23,22,24,20,23,21,27,29,31,30,21,25,21,25,26,21,18
"여자","E. 수도, 하수 및 폐기물 처리, 원료 재생업(36~39)","관리자",0,0,0,0,0,-,-,-,-,1,0,0,0,1,-,-,-,-,-,-,-,-
"여자","E. 수도, 하수 및 폐기물 처리, 원료 재생업(36~39)","전문가 및 관련 종사자",1,1,1,2,2,1,0,1,0,0,0,0,1,1,1,0,1,1,2,3,1,1
"여자","E. 수도, 하수 및 폐기물 처리, 원료 재생업(36~39)","사무 종사자",14,12,9,9,12,13,13,13,13,12,12,15,17,18,17,13,16,14,15,16,13,12
"여자","E. 수도, 하수 및 폐기물 처리, 원료 재생업(36~39)","서비스 종사자",1,1,1,0,0,0,1,1,1,1,0,0,0,1,1,0,0,0,0,1,1,0
"여자","E. 수도, 하수 및 폐기물 처리, 원료 재생업(36~39)","판매 종사자",0,0,0,0,0,0,0,-,0,0,0,-,-,-,-,-,-,-,-,-,-,-
"여자","E. 수도, 하수 및 폐기물 처리, 원료 재생업(36~39)","농림어업 숙련 종사자",-,-,-,-,-,-,-,-,0,-,-,-,-,0,0,0,0,0,-,-,-,-
"여자","E. 수도, 하수 및 폐기물 처리, 원료 재생업(36~39)","기능원 및 관련 기능 종사자",0,0,0,0,-,-,0,-,-,0,0,0,0,0,1,0,0,0,-,-,0,-
"여자","E. 수도, 하수 및 폐기물 처리, 원료 재생업(36~39)","장치‧기계 조작 및 조립 종사자",1,0,0,0,1,1,1,0,0,1,1,1,1,1,1,1,1,1,1,1,1,1
"여자","E. 수도, 하수 및 폐기물 처리, 원료 재생업(36~39)","단순 노무 종사자",5,6,4,4,6,7,7,9,6,8,7,10,9,10,10,6,7,4,7,6,5,4
"여자","F. 건 설 업(41~42)","계",158,152,144,155,177,183,213,207,195,202,209,199,213,227,248,234,262,268,262,252,243,247
"여자","F. 건 설 업(41~42)","관리자",0,0,0,0,1,0,1,2,2,1,1,1,2,2,1,2,3,3,1,3,2,1
"여자","F. 건 설 업(41~42)","전문가 및 관련 종사자",9,10,14,13,13,14,18,17,20,21,20,18,20,22,24,23,30,27,27,27,23,27
"여자","F. 건 설 업(41~42)","사무 종사자",104,98,94,98,110,107,124,121,117,122,128,127,134,138,155,139,156,154,155,149,150,158
"여자","F. 건 설 업(41~42)","서비스 종사자",1,1,1,1,1,1,1,1,0,0,1,1,1,1,1,1,2,2,2,1,1,1
"여자","F. 건 설 업(41~42)","판매 종사자",3,3,4,3,2,3,4,5,5,4,5,3,3,4,6,4,4,4,4,4,3,4
"여자","F. 건 설 업(41~42)","농림어업 숙련 종사자",0,0,0,0,0,0,-,0,1,1,1,1,0,0,-,0,1,0,0,0,0,0
"여자","F. 건 설 업(41~42)","기능원 및 관련 기능 종사자",23,20,18,23,27,29,33,30,26,27,26,26,26,27,27,33,33,34,31,32,31,30
"여자","F. 건 설 업(41~42)","장치‧기계 조작 및 조립 종사자",1,1,1,1,1,2,2,1,0,1,1,1,1,2,2,2,1,2,1,2,1,1
"여자","F. 건 설 업(41~42)","단순 노무 종사자",18,19,13,16,22,27,32,30,23,24,25,23,26,31,32,31,34,41,40,35,33,26
"여자","G. 도매 및 소매업(45~47)","계",1772,1757,1710,1722,1757,1747,1720,1690,1676,1662,1621,1578,1534,1528,1552,1532,1585,1598,1574,1506,1531,1475
"여자","G. 도매 및 소매업(45~47)","관리자",2,4,1,2,2,2,2,3,1,2,3,2,3,2,3,3,4,6,5,6,5,4
"여자","G. 도매 및 소매업(45~47)","전문가 및 관련 종사자",73,73,64,69,71,78,76,76,69,76,74,75,67,79,84,72,77,77,95,82,82,96
"여자","G. 도매 및 소매업(45~47)","사무 종사자",341,334,342,353,356,359,362,358,367,371,363,356,337,342,359,338,363,370,370,353,365,362
"여자","G. 도매 및 소매업(45~47)","서비스 종사자",8,12,9,13,10,12,9,10,9,10,9,9,5,7,8,7,9,10,10,9,8,9
"여자","G. 도매 및 소매업(45~47)","판매 종사자",1160,1150,1113,1109,1142,1094,1083,1073,1053,1036,998,962,956,931,934,963,985,978,934,901,907,852
"여자","G. 도매 및 소매업(45~47)","농림어업 숙련 종사자",0,0,0,0,0,0,0,0,0,0,0,0,0,0,-,-,-,0,0,0,0,0
"여자","G. 도매 및 소매업(45~47)","기능원 및 관련 기능 종사자",14,18,17,18,19,22,18,17,18,18,17,16,14,15,13,13,13,14,12,14,14,14
"여자","G. 도매 및 소매업(45~47)","장치‧기계 조작 및 조립 종사자",2,2,2,2,2,3,2,2,4,2,2,2,2,3,2,3,1,2,3,2,2,2
"여자","G. 도매 및 소매업(45~47)","단순 노무 종사자",172,165,161,157,156,177,167,151,156,148,154,157,150,149,149,132,135,143,146,139,148,136
"여자","H. 운수 및 창고업(49~52)","계",134,149,155,144,152,146,142,147,163,178,180,195,191,199,201,199,186,188,209,216,230,246
"여자","H. 운수 및 창고업(49~52)","관리자",0,1,0,0,-,1,1,1,1,2,1,1,0,0,0,1,1,1,1,1,0,0
"여자","H. 운수 및 창고업(49~52)","전문가 및 관련 종사자",1,2,2,2,2,1,2,2,2,2,3,5,4,6,5,4,3,4,5,5,5,5
"여자","H. 운수 및 창고업(49~52)","사무 종사자",70,74,81,73,76,73,73,74,82,90,87,95,93,91,95,86,84,82,88,90,94,104
"여자","H. 운수 및 창고업(49~52)","서비스 종사자",12,10,10,11,12,12,13,11,13,13,16,13,12,12,11,14,16,16,17,20,20,24
"여자","H. 운수 및 창고업(49~52)","판매 종사자",11,10,10,11,11,9,9,10,12,12,13,11,11,10,8,11,9,8,7,7,6,8
"여자","H. 운수 및 창고업(49~52)","농림어업 숙련 종사자",-,-,-,-,-,-,-,-,-,-,-,-,-,-,-,-,-,-,-,-,-,-
"여자","H. 운수 및 창고업(49~52)","기능원 및 관련 기능 종사자",0,1,0,1,1,0,1,1,1,1,1,2,0,1,1,2,1,1,1,2,1,1
"여자","H. 운수 및 창고업(49~52)","장치‧기계 조작 및 조립 종사자",7,9,10,8,7,8,9,7,9,9,9,11,10,9,8,12,9,10,10,11,12,12
"여자","H. 운수 및 창고업(49~52)","단순 노무 종사자",33,41,42,40,42,42,36,42,43,47,50,59,61,70,74,69,62,67,82,83,91,93
"여자","I. 숙박 및 음식점업(55~56)","계",1346,1396,1388,1441,1408,1419,1417,1393,1437,1433,1270,1291,1286,1301,1308,1353,1372,1387,1411,1448,1430,1461
"여자","I. 숙박 및 음식점업(55~56)","관리자",2,4,3,2,3,2,2,5,5,4,4,6,3,2,3,3,3,5,2,4,4,2
"여자","I. 숙박 및 음식점업(55~56)","전문가 및 관련 종사자",10,10,10,12,10,11,10,9,9,8,8,7,10,10,9,10,9,10,14,13,12,11
"여자","I. 숙박 및 음식점업(55~56)","사무 종사자",19,18,21,18,19,18,16,18,17,16,15,15,16,15,14,19,19,17,16,20,20,25
"여자","I. 숙박 및 음식점업(55~56)","서비스 종사자",887,948,914,973,947,947,973,949,957,968,861,870,851,874,880,927,955,973,990,1014,1006,1045
"여자","I. 숙박 및 음식점업(55~56)","판매 종사자",109,111,122,115,120,130,123,124,133,142,128,127,137,123,123,128,118,113,109,109,114,116
"여자","I. 숙박 및 음식점업(55~56)","농림어업 숙련 종사자",0,0,0,0,0,-,0,0,-,0,-,-,-,-,-,-,-,-,-,0,0,0
"여자","I. 숙박 및 음식점업(55~56)","기능원 및 관련 기능 종사자",11,10,11,11,14,17,18,15,16,18,18,18,20,20,22,22,23,28,22,27,30,29
"여자","I. 숙박 및 음식점업(55~56)","장치‧기계 조작 및 조립 종사자",1,1,1,1,0,0,0,0,1,1,1,0,1,0,1,1,1,0,1,1,1,1
"여자","I. 숙박 및 음식점업(55~56)","단순 노무 종사자",309,295,305,309,295,295,276,274,300,277,236,248,249,256,257,244,245,242,257,261,244,233
"여자","J. 정보통신업(58~63)","계",203,201,210,225,225,225,237,267,250,251,227,210,277,304,315,335,330,371,378,405,394,347
"여자","J. 정보통신업(58~63)","관리자",1,1,1,0,1,1,2,1,1,1,1,1,1,2,2,4,4,3,5,7,4,1
"여자","J. 정보통신업(58~63)","전문가 및 관련 종사자",95,94,96,102,109,118,120,129,127,126,113,109,153,170,184,194,203,223,229,252,246,226
"여자","J. 정보통신업(58~63)","사무 종사자",84,83,90,97,91,81,95,107,96,102,93,84,105,114,109,116,107,128,128,129,126,106
"여자","J. 정보통신업(58~63)","서비스 종사자",2,1,2,2,2,1,2,2,2,1,1,1,1,2,1,2,1,2,2,1,1,2
"여자","J. 정보통신업(58~63)","판매 종사자",12,14,13,16,13,14,12,16,13,13,11,8,8,9,10,9,6,8,7,8,9,8
"여자","J. 정보통신업(58~63)","농림어업 숙련 종사자",-,-,-,-,-,-,-,-,-,-,-,-,-,-,-,-,-,-,-,-,-,-
"여자","J. 정보통신업(58~63)","기능원 및 관련 기능 종사자",0,0,0,1,2,1,1,1,1,1,1,0,0,1,1,1,1,1,1,1,1,1
"여자","J. 정보통신업(58~63)","장치‧기계 조작 및 조립 종사자",1,1,1,1,0,1,1,0,1,0,1,1,0,0,0,1,0,1,1,1,1,0
"여자","J. 정보통신업(58~63)","단순 노무 종사자",9,7,7,8,8,7,7,11,10,8,7,6,10,8,8,8,8,6,6,6,6,4
"여자","K. 금융 및 보험업(64~66)","계",392,398,408,430,401,417,423,453,417,424,405,392,426,419,402,403,406,411,418,444,448,465
"여자","K. 금융 및 보험업(64~66)","관리자",3,5,4,5,6,5,6,9,9,7,7,7,10,10,7,6,8,10,11,12,12,15
"여자","K. 금융 및 보험업(64~66)","전문가 및 관련 종사자",10,11,12,11,10,17,13,17,14,16,15,13,14,14,13,17,18,16,20,19,23,27
"여자","K. 금융 및 보험업(64~66)","사무 종사자",189,170,194,206,195,195,212,212,196,202,192,179,188,185,183,182,185,185,191,198,199,205
"여자","K. 금융 및 보험업(64~66)","서비스 종사자",1,2,2,2,3,1,1,2,1,1,1,1,1,1,1,1,2,2,2,1,2,1
"여자","K. 금융 및 보험업(64~66)","판매 종사자",186,206,193,204,183,196,188,210,194,195,188,189,209,205,193,193,191,192,188,209,208,212
"여자","K. 금융 및 보험업(64~66)","농림어업 숙련 종사자",0,0,0,0,-,-,-,-,-,-,-,-,-,-,-,-,-,-,-,-,-,-
"여자","K. 금융 및 보험업(64~66)","기능원 및 관련 기능 종사자",0,0,0,0,-,-,0,0,0,0,0,0,0,0,0,0,0,0,0,0,0,0
"여자","K. 금융 및 보험업(64~66)","장치‧기계 조작 및 조립 종사자",0,0,0,0,-,-,-,-,-,-,-,-,-,-,-,0,-,-,-,-,-,-
"여자","K. 금융 및 보험업(64~66)","단순 노무 종사자",3,4,4,4,4,3,4,4,3,4,3,4,4,4,5,4,4,5,6,6,6,5
"여자","L. 부동산업(68)","계",171,181,171,198,217,204,202,200,203,220,200,195,200,205,211,216,215,219,215,209,221,222
"여자","L. 부동산업(68)","관리자",3,2,2,2,1,1,2,3,3,2,2,3,2,2,2,4,4,4,3,2,5,2
"여자","L. 부동산업(68)","전문가 및 관련 종사자",70,77,70,88,98,88,86,80,78,78,67,67,64,69,67,69,68,67,68,66,64,62
"여자","L. 부동산업(68)","사무 종사자",57,55,56,63,72,70,71,71,74,88,77,73,81,79,85,84,82,88,83,78,84,92
"여자","L. 부동산업(68)","서비스 종사자",0,0,0,0,0,0,0,0,0,0,0,-,0,0,0,0,0,0,-,0,0,-
"여자","L. 부동산업(68)","판매 종사자",3,4,5,5,6,4,3,4,5,4,2,2,2,2,2,2,4,3,4,4,3,2
"여자","L. 부동산업(68)","농림어업 숙련 종사자",-,-,-,-,-,-,-,-,-,-,-,-,-,-,-,-,-,-,-,-,-,-
"여자","L. 부동산업(68)","기능원 및 관련 기능 종사자",0,0,0,0,-,0,0,0,0,0,-,-,-,-,-,0,-,-,0,0,0,0
"여자","L. 부동산업(68)","장치‧기계 조작 및 조립 종사자",0,0,0,0,-,0,0,0,0,0,-,-,-,0,-,-,0,0,0,0,-,-
"여자","L. 부동산업(68)","단순 노무 종사자",38,42,39,40,39,41,39,42,43,48,51,49,51,53,54,57,57,57,57,59,65,65
"여자","M. 전문, 과학 및 기술 서비스업(70~73)","계",341,356,370,368,361,366,376,393,396,421,397,421,427,445,478,476,506,511,545,529,551,562
"여자","M. 전문, 과학 및 기술 서비스업(70~73)","관리자",0,1,2,0,1,0,0,0,1,0,2,1,1,2,2,2,4,3,3,4,2,2
"여자","M. 전문, 과학 및 기술 서비스업(70~73)","전문가 및 관련 종사자",138,143,157,151,151,153,159,165,164,176,168,181,185,204,210,216,227,232,248,253,260,262
"여자","M. 전문, 과학 및 기술 서비스업(70~73)","사무 종사자",178,185,192,194,186,186,190,197,202,214,201,211,214,211,236,228,241,243,259,242,254,265
"여자","M. 전문, 과학 및 기술 서비스업(70~73)","서비스 종사자",7,10,7,9,7,9,10,12,8,11,8,10,9,11,12,12,16,14,16,13,16,16
"여자","M. 전문, 과학 및 기술 서비스업(70~73)","판매 종사자",4,3,4,4,4,3,4,4,2,5,6,5,6,5,5,6,5,6,6,5,5,5
"여자","M. 전문, 과학 및 기술 서비스업(70~73)","농림어업 숙련 종사자",0,0,0,0,0,1,0,0,1,0,0,1,0,0,0,0,0,0,0,0,0,1
"여자","M. 전문, 과학 및 기술 서비스업(70~73)","기능원 및 관련 기능 종사자",1,1,1,1,1,1,1,1,1,1,1,1,1,1,1,2,2,2,2,1,2,1
"여자","M. 전문, 과학 및 기술 서비스업(70~73)","장치‧기계 조작 및 조립 종사자",6,6,4,3,3,6,5,7,6,5,3,3,3,3,4,3,4,4,3,3,3,3
"여자","M. 전문, 과학 및 기술 서비스업(70~73)","단순 노무 종사자",7,7,5,7,7,8,7,7,10,9,8,8,8,8,7,7,7,7,9,9,9,8
"여자","N. 사업시설 관리, 사업 지원 및 임대 서비스업(74~76)","계",559,621,639,621,571,579,575,541,544,574,571,592,584,602,604,611,603,594,583,582,534,593
"여자","N. 사업시설 관리, 사업 지원 및 임대 서비스업(74~76)","관리자",0,1,1,1,1,1,1,2,3,2,1,2,2,2,3,3,3,2,1,2,1,2
"여자","N. 사업시설 관리, 사업 지원 및 임대 서비스업(74~76)","전문가 및 관련 종사자",21,21,19,18,15,19,20,18,22,20,20,25,23,25,20,20,22,22,23,24,22,29
"여자","N. 사업시설 관리, 사업 지원 및 임대 서비스업(74~76)","사무 종사자",134,142,146,148,130,151,154,148,155,163,165,161,153,156,169,163,158,160,162,158,151,171
"여자","N. 사업시설 관리, 사업 지원 및 임대 서비스업(74~76)","서비스 종사자",40,45,45,42,39,37,32,30,26,29,24,19,22,22,21,22,22,29,28,33,25,28
"여자","N. 사업시설 관리, 사업 지원 및 임대 서비스업(74~76)","판매 종사자",38,40,50,50,42,41,40,42,38,41,43,46,43,43,40,43,42,40,38,34,34,37
"여자","N. 사업시설 관리, 사업 지원 및 임대 서비스업(74~76)","농림어업 숙련 종사자",1,1,1,1,1,1,1,1,0,-,0,1,2,1,1,1,2,2,1,1,1,2
"여자","N. 사업시설 관리, 사업 지원 및 임대 서비스업(74~76)","기능원 및 관련 기능 종사자",4,6,7,7,8,7,5,5,4,5,5,7,7,10,10,10,9,6,6,6,7,8
"여자","N. 사업시설 관리, 사업 지원 및 임대 서비스업(74~76)","장치‧기계 조작 및 조립 종사자",10,13,14,9,10,7,9,6,6,8,6,8,8,10,10,8,8,10,10,9,6,7
"여자","N. 사업시설 관리, 사업 지원 및 임대 서비스업(74~76)","단순 노무 종사자",311,351,355,346,324,316,312,290,290,307,307,326,324,335,331,342,337,323,313,315,287,308
"여자","O. 공공 행정, 국방 및 사회보장 행정(84)","계",362,366,398,405,398,445,474,483,478,483,464,577,516,532,558,554,563,600,633,638,654,639
"여자","O. 공공 행정, 국방 및 사회보장 행정(84)","관리자",1,1,2,2,1,2,2,3,3,3,2,2,2,3,2,2,2,3,1,2,2,3
"여자","O. 공공 행정, 국방 및 사회보장 행정(84)","전문가 및 관련 종사자",34,37,37,36,37,38,40,47,43,45,44,43,45,46,47,41,45,47,54,59,63,64
"여자","O. 공공 행정, 국방 및 사회보장 행정(84)","사무 종사자",202,202,218,220,218,238,259,258,249,249,258,265,256,254,287,291,299,320,332,334,337,340
"여자","O. 공공 행정, 국방 및 사회보장 행정(84)","서비스 종사자",24,24,27,29,30,36,38,36,34,32,32,32,31,31,36,41,43,51,56,59,59,51
"여자","O. 공공 행정, 국방 및 사회보장 행정(84)","판매 종사자",0,0,1,1,1,1,1,1,2,1,1,2,1,1,1,1,1,1,1,1,1,2
"여자","O. 공공 행정, 국방 및 사회보장 행정(84)","농림어업 숙련 종사자",0,0,0,0,-,0,0,0,1,2,0,0,0,0,1,1,0,0,0,0,0,0
"여자","O. 공공 행정, 국방 및 사회보장 행정(84)","기능원 및 관련 기능 종사자",0,0,0,0,0,1,0,0,1,1,1,10,5,6,4,2,2,1,1,1,1,1
"여자","O. 공공 행정, 국방 및 사회보장 행정(84)","장치‧기계 조작 및 조립 종사자",0,0,0,0,0,0,0,-,0,0,0,0,0,0,-,1,0,0,0,0,-,0
"여자","O. 공공 행정, 국방 및 사회보장 행정(84)","단순 노무 종사자",101,100,113,117,113,130,135,138,147,151,126,223,177,191,179,175,171,178,188,182,192,179
"여자","P. 교육 서비스업(85)","계",1199,1252,1248,1251,1292,1273,1246,1258,1264,1260,1162,1184,1221,1256,1290,1285,1297,1240,1255,1307,1313,1350
"여자","P. 교육 서비스업(85)","관리자",10,9,8,12,15,14,17,19,22,19,20,21,20,20,20,15,21,21,22,19,18,20
"여자","P. 교육 서비스업(85)","전문가 및 관련 종사자",902,946,932,937,958,958,939,948,952,943,848,850,858,887,903,905,910,874,884,920,920,948
"여자","P. 교육 서비스업(85)","사무 종사자",140,136,150,143,150,147,141,144,137,138,143,143,150,149,153,156,167,160,161,168,165,172
"여자","P. 교육 서비스업(85)","서비스 종사자",99,106,101,104,105,88,92,90,93,93,96,97,108,106,109,106,111,113,111,123,128,133
"여자","P. 교육 서비스업(85)","판매 종사자",1,2,2,3,2,3,2,0,2,2,1,1,2,1,1,3,1,1,2,3,2,2
"여자","P. 교육 서비스업(85)","농림어업 숙련 종사자",0,0,0,0,-,0,-,-,-,-,-,-,-,-,-,-,-,-,-,-,-,-
"여자","P. 교육 서비스업(85)","기능원 및 관련 기능 종사자",0,0,0,1,0,1,0,1,0,0,1,3,6,14,17,15,9,2,1,1,1,1
"여자","P. 교육 서비스업(85)","장치‧기계 조작 및 조립 종사자",3,4,4,4,5,5,4,3,4,2,2,4,4,4,4,4,6,4,3,2,3,3
"여자","P. 교육 서비스업(85)","단순 노무 종사자",44,49,51,49,58,56,51,52,55,63,52,65,75,74,83,82,72,66,71,72,75,72
"여자","Q. 보건업 및 사회복지 서비스업(86~87)","계",1408,1464,1497,1571,1603,1648,1658,1744,1793,1872,1853,1961,2053,2206,2227,2306,2346,2401,2411,2474,2597,2701
"여자","Q. 보건업 및 사회복지 서비스업(86~87)","관리자",7,8,7,6,7,7,9,7,9,10,11,12,10,9,6,11,12,12,9,11,15,14
"여자","Q. 보건업 및 사회복지 서비스업(86~87)","전문가 및 관련 종사자",877,894,901,930,968,947,944,977,988,987,971,982,1009,1072,1093,1107,1137,1133,1112,1123,1158,1206
"여자","Q. 보건업 및 사회복지 서비스업(86~87)","사무 종사자",109,116,120,120,119,131,124,130,133,133,131,136,144,146,151,175,162,162,161,156,170,175
"여자","Q. 보건업 및 사회복지 서비스업(86~87)","서비스 종사자",293,315,343,367,365,399,405,438,455,493,515,531,563,599,616,643,644,683,684,719,740,783
"여자","Q. 보건업 및 사회복지 서비스업(86~87)","판매 종사자",2,4,2,1,3,1,2,1,2,1,2,2,2,3,3,3,3,2,2,2,3,3
"여자","Q. 보건업 및 사회복지 서비스업(86~87)","농림어업 숙련 종사자",0,0,0,0,-,0,-,0,0,0,0,0,0,-,0,0,0,0,-,-,-,0
"여자","Q. 보건업 및 사회복지 서비스업(86~87)","기능원 및 관련 기능 종사자",3,4,4,5,4,3,4,4,3,4,4,6,5,7,6,4,3,3,2,3,4,4
"여자","Q. 보건업 및 사회복지 서비스업(86~87)","장치‧기계 조작 및 조립 종사자",3,2,2,2,2,3,3,5,5,5,4,4,3,3,3,4,4,4,3,3,2,3
"여자","Q. 보건업 및 사회복지 서비스업(86~87)","단순 노무 종사자",115,121,119,140,135,157,167,183,198,238,216,288,317,368,349,359,381,403,438,457,506,514
"여자","R. 예술, 스포츠 및 여가관련 서비스업(90~91)","계",182,184,175,193,194,201,199,213,230,249,242,236,233,232,222,235,257,265,260,254,279,281
"여자","R. 예술, 스포츠 및 여가관련 서비스업(90~91)","관리자",1,1,1,1,1,0,0,0,1,1,1,1,1,1,1,0,-,0,0,0,1,1
"여자","R. 예술, 스포츠 및 여가관련 서비스업(90~91)","전문가 및 관련 종사자",59,61,58,62,62,63,65,71,71,83,84,85,82,80,74,85,94,99,94,96,104,107
"여자","R. 예술, 스포츠 및 여가관련 서비스업(90~91)","사무 종사자",30,28,32,34,33,26,26,32,34,37,41,40,44,45,43,38,39,45,45,41,49,45
"여자","R. 예술, 스포츠 및 여가관련 서비스업(90~91)","서비스 종사자",65,65,59,65,67,80,76,77,84,82,77,68,67,69,70,75,84,82,86,81,91,91
"여자","R. 예술, 스포츠 및 여가관련 서비스업(90~91)","판매 종사자",12,14,11,14,15,13,14,15,18,21,16,18,15,14,14,12,15,13,12,12,13,15
"여자","R. 예술, 스포츠 및 여가관련 서비스업(90~91)","농림어업 숙련 종사자",0,0,0,1,0,0,0,1,1,2,2,0,0,1,0,0,1,1,0,1,1,1
"여자","R. 예술, 스포츠 및 여가관련 서비스업(90~91)","기능원 및 관련 기능 종사자",1,0,0,1,0,1,1,0,1,0,1,2,1,1,1,0,0,1,1,1,1,0
"여자","R. 예술, 스포츠 및 여가관련 서비스업(90~91)","장치‧기계 조작 및 조립 종사자",0,0,0,0,1,0,0,0,0,0,0,0,0,0,0,0,1,0,0,0,0,0
"여자","R. 예술, 스포츠 및 여가관련 서비스업(90~91)","단순 노무 종사자",13,15,13,15,15,18,16,16,20,22,20,22,22,22,20,25,25,25,22,22,20,20
"여자","S. 협회 및 단체, 수리 및 기타 개인 서비스업(94~96)","계",692,641,651,638,630,635,641,613,638,608,579,595,552,551,526,524,542,542,553,559,556,541
"여자","S. 협회 및 단체, 수리 및 기타 개인 서비스업(94~96)","관리자",1,1,0,1,0,1,1,0,0,0,0,1,0,1,1,0,2,1,1,1,1,2
"여자","S. 협회 및 단체, 수리 및 기타 개인 서비스업(94~96)","전문가 및 관련 종사자",49,47,42,43,40,43,43,42,51,52,48,45,43,43,42,40,40,39,42,44,44,40
"여자","S. 협회 및 단체, 수리 및 기타 개인 서비스업(94~96)","사무 종사자",77,73,75,71,64,68,76,75,82,73,76,89,84,86,85,74,73,80,80,74,73,76
"여자","S. 협회 및 단체, 수리 및 기타 개인 서비스업(94~96)","서비스 종사자",353,324,339,331,347,343,339,320,364,347,330,338,310,311,295,304,326,327,329,348,353,339
"여자","S. 협회 및 단체, 수리 및 기타 개인 서비스업(94~96)","판매 종사자",19,15,19,17,14,14,14,15,16,16,15,16,15,16,11,10,13,11,11,10,9,10
"여자","S. 협회 및 단체, 수리 및 기타 개인 서비스업(94~96)","농림어업 숙련 종사자",-,-,-,-,-,0,-,-,-,0,-,-,0,-,-,-,-,0,0,-,-,-
"여자","S. 협회 및 단체, 수리 및 기타 개인 서비스업(94~96)","기능원 및 관련 기능 종사자",30,26,33,30,27,23,26,28,22,21,23,24,22,19,21,15,16,14,14,15,16,15
"여자","S. 협회 및 단체, 수리 및 기타 개인 서비스업(94~96)","장치‧기계 조작 및 조립 종사자",9,10,9,8,7,6,6,6,5,6,7,7,6,6,6,8,8,8,7,6,7,8
"여자","S. 협회 및 단체, 수리 및 기타 개인 서비스업(94~96)","단순 노무 종사자",154,146,134,138,131,138,136,127,97,92,80,75,71,70,66,72,64,61,69,63,52,52
"여자","T. 가구 내 고용활동 및 달리 분류되지 않은 자가소비 생산활동(97~98)","계",87,70,69,64,70,59,50,40,57,98,84,103,85,80,72,79,79,69,80,83,74,70
"여자","T. 가구 내 고용활동 및 달리 분류되지 않은 자가소비 생산활동(97~98)","관리자",-,-,-,-,-,-,-,-,-,-,-,-,-,-,-,-,-,-,-,-,-,-
"여자","T. 가구 내 고용활동 및 달리 분류되지 않은 자가소비 생산활동(97~98)","전문가 및 관련 종사자",1,1,2,1,0,2,-,-,1,1,-,1,0,1,1,1,2,1,-,-,-,1
"여자","T. 가구 내 고용활동 및 달리 분류되지 않은 자가소비 생산활동(97~98)","사무 종사자",0,0,0,0,-,0,-,-,-,0,-,-,-,-,-,-,0,-,-,-,-,-
"여자","T. 가구 내 고용활동 및 달리 분류되지 않은 자가소비 생산활동(97~98)","서비스 종사자",1,1,2,3,2,2,2,1,1,5,4,6,4,4,3,5,4,3,4,4,4,4
"여자","T. 가구 내 고용활동 및 달리 분류되지 않은 자가소비 생산활동(97~98)","판매 종사자",-,-,-,-,-,-,-,-,-,-,-,-,-,-,-,-,-,-,-,-,-,-
"여자","T. 가구 내 고용활동 및 달리 분류되지 않은 자가소비 생산활동(97~98)","농림어업 숙련 종사자",0,0,0,0,-,-,-,-,-,-,-,-,-,-,-,-,-,-,-,-,-,-
"여자","T. 가구 내 고용활동 및 달리 분류되지 않은 자가소비 생산활동(97~98)","기능원 및 관련 기능 종사자",0,0,0,0,0,0,-,-,-,-,-,-,0,0,0,-,-,0,-,-,-,-
"여자","T. 가구 내 고용활동 및 달리 분류되지 않은 자가소비 생산활동(97~98)","장치‧기계 조작 및 조립 종사자",0,0,0,0,-,0,-,-,-,-,-,-,-,-,-,0,-,-,-,-,-,-
"여자","T. 가구 내 고용활동 및 달리 분류되지 않은 자가소비 생산활동(97~98)","단순 노무 종사자",85,68,65,61,68,55,48,38,55,93,80,96,81,75,68,73,72,65,75,79,70,65
"여자","U. 국제 및 외국기관(99)","계",3,2,3,1,2,2,2,2,5,6,6,4,6,3,1,4,4,4,3,2,5,6
"여자","U. 국제 및 외국기관(99)","관리자",-,-,-,-,-,-,-,-,-,-,-,-,-,-,-,-,-,0,0,-,-,-
"여자","U. 국제 및 외국기관(99)","전문가 및 관련 종사자",1,0,0,0,0,0,0,0,1,1,1,1,1,1,0,1,1,1,1,1,1,1
"여자","U. 국제 및 외국기관(99)","사무 종사자",2,1,2,1,1,1,1,2,4,4,4,2,3,1,1,2,2,2,1,1,3,3
"여자","U. 국제 및 외국기관(99)","서비스 종사자",0,0,0,0,0,0,0,0,0,-,-,-,-,-,-,1,1,0,1,0,0,1
"여자","U. 국제 및 외국기관(99)","판매 종사자",0,0,0,0,0,0,0,0,0,-,-,-,1,-,0,-,-,0,-,-,-,0
"여자","U. 국제 및 외국기관(99)","농림어업 숙련 종사자",0,0,0,0,-,-,-,-,-,-,-,-,-,-,-,-,-,-,-,-,-,-
"여자","U. 국제 및 외국기관(99)","기능원 및 관련 기능 종사자",-,-,-,-,-,-,-,-,-,-,-,-,-,-,-,-,-,-,-,-,-,-
"여자","U. 국제 및 외국기관(99)","장치‧기계 조작 및 조립 종사자",-,-,-,-,-,-,-,-,-,-,-,-,-,-,-,-,-,-,-,-,-,-
"여자","U. 국제 및 외국기관(99)","단순 노무 종사자",0,0,0,0,0,0,0,0,0,1,1,1,1,1,0,0,0,0,0,0,1,1
