"시도별(17개)","규모별","직종별",2021.1/2,2021.1/2,2021.1/2,2021.2/2,2021.2/2,2021.2/2,2022.1/2,2022.1/2,2022.1/2,2022.2/2,2022.2/2,2022.2/2,2023.1/2,2023.1/2,2023.1/2,2023.2/2,2023.2/2,2023.2/2,2024.1/2,2024.1/2,2024.1/2,2024.2/2,2024.2/2,2024.2/2,2025.1/2,2025.1/2,2025.1/2,2025.2/2,2025.2/2,2025.2/2
"시도별(17개)","규모별","직종별",구인인원 (명),미충원인원 (명),부족률 (%),구인인원 (명),미충원인원 (명),부족률 (%),구인인원 (명),미충원인원 (명),부족률 (%),구인인원 (명),미충원인원 (명),부족률 (%),구인인원 (명),미충원인원 (명),부족률 (%),구인인원 (명),미충원인원 (명),부족률 (%),구인인원 (명),미충원인원 (명),부족률 (%),구인인원 (명),미충원인원 (명),부족률 (%),구인인원 (명),미충원인원 (명),부족률 (%),구인인원 (명),미충원인원 (명),부족률 (%)
"전국","전규모(1인이상)","0 경영ㆍ사무ㆍ금융ㆍ보험직",147134,11246,1.4,165064,17252,1.7,189893,25024,2.1,181215,24704,2.0,190038,23415,1.9,165832,18991,1.7,186313,17702,1.8,175665,19807,1.7,188633,20629,1.6,159311,16632,1.4
"전국","전규모(1인이상)","1 연구직 및 공학기술직",82448,12782,3.0,91837,15600,3.4,103718,18954,3.8,96617,20099,3.5,103378,18903,3.2,85213,18028,3.2,88541,13735,2.7,80776,13874,2.6,81892,12316,2.5,73258,11771,2.2
"전국","전규모(1인이상)","2 교육ㆍ법률ㆍ사회복지ㆍ경찰ㆍ소방직 및 군인",125303,2982,1.7,84338,5974,2.3,137396,7732,2.5,82352,6256,2.2,153194,6290,2.2,71874,4574,2.1,139740,4967,2.2,80795,3964,2.2,149970,4022,2.2,85328,3906,2.1
"전국","전규모(1인이상)","3 보건ㆍ의료직",67509,6200,2.3,56417,7974,3.2,82032,8015,2.9,63886,9555,3.3,83780,9011,2.8,60073,6975,2.5,80835,7421,2.4,63937,7967,2.6,83343,9176,2.4,63816,7114,2.4
"전국","전규모(1인이상)","4 예술ㆍ디자인ㆍ방송ㆍ스포츠직",20937,2536,3.4,23149,3224,4.2,27260,3992,4.5,26440,5631,4.0,32247,4981,3.7,23081,3383,3.8,30788,3003,3.4,26682,3546,3.5,29513,2875,3.2,25031,2739,2.9
"전국","전규모(1인이상)","5 미용ㆍ여행ㆍ숙박ㆍ음식ㆍ경비ㆍ청소직",208099,7167,1.9,203310,11455,3.3,261363,17386,4.2,259045,22955,3.8,313701,20065,3.3,298709,17578,3.2,357394,14008,3.1,304456,13362,3.2,349340,10438,2.7,276138,13121,2.8
"전국","전규모(1인이상)","6 영업ㆍ판매ㆍ운전ㆍ운송직",156206,27521,3.3,172103,35011,4.1,189081,40489,4.2,195371,47762,4.5,201369,41888,4.1,182732,29003,3.8,217789,27491,3.8,211738,32257,3.9,211189,25914,3.4,189654,24120,3.3
"전국","전규모(1인이상)","7 건설ㆍ채굴직",66690,1579,1.2,168105,2257,1.8,115356,3387,2.4,145209,3143,2.1,120097,3069,2.5,155853,2366,2.7,122889,1463,2.4,164725,1926,2.4,124387,1602,2.4,155868,1241,2.0
"전국","전규모(1인이상)","8 설치ㆍ정비ㆍ생산직",167773,29627,3.4,188644,37980,4.4,201061,52991,5.2,207532,51807,4.8,190149,38031,4.0,198447,39682,3.9,191712,29925,3.4,179996,26263,3.4,174874,21144,2.8,169532,20195,2.9
"전국","전규모(1인이상)","9 농림어업직",5140,124,3.3,4478,394,3.5,7006,355,7.4,5581,421,4.3,7012,515,3.1,5873,169,1.9,7193,156,5.8,7656,113,3.6,9117,265,4.9,8350,476,3.8
"서울특별시","전규모(1인이상)","0 경영ㆍ사무ㆍ금융ㆍ보험직",57948,3858,1.8,69173,7947,2.2,81068,10787,2.6,79405,10679,2.3,80068,9836,2.3,67936,7899,2.1,75928,7773,2.3,76446,10803,2.4,72489,9266,2.0,60141,7690,1.7
"서울특별시","전규모(1인이상)","1 연구직 및 공학기술직",30112,5173,3.7,33549,6167,4.3,38749,7670,4.6,37411,8328,3.9,40006,7134,3.8,31710,7342,3.9,31126,4697,3.1,27934,5301,3.3,26023,4022,2.8,23197,4036,2.4
"서울특별시","전규모(1인이상)","2 교육ㆍ법률ㆍ사회복지ㆍ경찰ㆍ소방직 및 군인",28525,760,1.4,23530,2123,2.6,31235,1424,2.0,21884,1122,2.1,40123,1322,1.9,20094,717,1.9,32885,1597,1.6,22793,1092,1.9,31920,719,2.1,22889,1205,1.8
"서울특별시","전규모(1인이상)","3 보건ㆍ의료직",15835,1646,2.4,13131,1175,3.2,19248,1540,3.0,15929,2250,3.0,20741,2043,3.2,14997,1269,2.4,19221,2500,2.8,14536,1737,2.5,19065,1681,2.2,14446,1267,2.5
"서울특별시","전규모(1인이상)","4 예술ㆍ디자인ㆍ방송ㆍ스포츠직",11178,1450,3.4,13697,2106,4.3,15524,2705,4.7,15164,3236,4.3,16490,3053,3.4,11421,1850,3.8,16519,1788,3.8,15119,2312,3.6,13696,1850,3.2,12699,1662,2.5
"서울특별시","전규모(1인이상)","5 미용ㆍ여행ㆍ숙박ㆍ음식ㆍ경비ㆍ청소직",59575,2852,1.5,55401,3877,3.3,74591,4674,3.7,70498,6772,3.6,87130,6359,3.5,85045,3346,3.3,91742,3698,3.0,83055,4230,3.3,93771,3161,2.5,74840,3752,2.3
"서울특별시","전규모(1인이상)","6 영업ㆍ판매ㆍ운전ㆍ운송직",49966,10717,3.6,60068,16411,4.9,60493,14871,4.9,60760,16878,5.0,65090,15208,4.9,54307,9950,4.4,68217,10738,4.6,63996,15619,5.4,62375,10956,4.4,54341,10358,4.2
"서울특별시","전규모(1인이상)","7 건설ㆍ채굴직",8615,339,0.5,26613,214,0.6,16009,1101,1.6,19794,164,1.0,16478,680,0.8,28375,475,2.3,16504,180,2.1,24494,226,1.2,16658,60,0.4,16686,334,0.9
"서울특별시","전규모(1인이상)","8 설치ㆍ정비ㆍ생산직",16904,1174,1.7,15288,1675,2.8,16437,2250,2.7,15546,1748,2.6,16638,1583,2.1,19739,2003,2.3,21490,1617,2.9,14876,1092,1.9,16834,1094,1.7,13199,1403,1.8
"서울특별시","전규모(1인이상)","9 농림어업직",216,0,0.1,224,0,0.2,207,12,0.0,273,0,2.8,285,3,0.3,655,1,0.1,28,2,13.6,529,1,7.1,904,0,3.0,191,0,2.7
"부산광역시","전규모(1인이상)","0 경영ㆍ사무ㆍ금융ㆍ보험직",8215,636,1.1,8919,754,1.2,9263,691,1.4,8286,1001,1.2,8800,874,1.2,9396,685,1.1,11083,697,1.2,8717,823,1.2,11286,477,1.1,9949,577,1.1
"부산광역시","전규모(1인이상)","1 연구직 및 공학기술직",3068,361,2.4,2525,343,2.3,3673,639,3.2,2683,586,2.6,3530,507,2.9,2606,500,2.5,2892,398,2.7,2294,529,2.2,2497,179,2.0,2343,357,2.0
"부산광역시","전규모(1인이상)","2 교육ㆍ법률ㆍ사회복지ㆍ경찰ㆍ소방직 및 군인",8907,477,1.8,3723,205,1.9,10015,571,2.1,5018,354,1.6,9431,311,1.8,3847,139,2.5,8330,298,2.0,3912,262,2.5,8956,232,2.4,4304,216,2.3
"부산광역시","전규모(1인이상)","3 보건ㆍ의료직",5880,498,1.4,4664,491,2.5,7022,472,1.6,4123,316,2.1,6260,424,1.4,5194,363,1.6,6470,276,1.8,5536,403,2.1,7237,417,1.7,5280,404,2.0
"부산광역시","전규모(1인이상)","4 예술ㆍ디자인ㆍ방송ㆍ스포츠직",1286,136,4.4,1305,163,3.7,1363,133,6.3,834,154,2.6,943,117,5.7,931,61,3.7,1587,102,3.1,715,31,4.2,1180,69,4.3,691,3,2.3
"부산광역시","전규모(1인이상)","5 미용ㆍ여행ㆍ숙박ㆍ음식ㆍ경비ㆍ청소직",13832,339,1.9,14090,725,3.1,14303,532,3.4,13468,1271,2.6,19135,831,2.8,17551,1416,2.2,26208,1244,2.6,19901,382,2.6,27125,340,2.6,22790,810,2.3
"부산광역시","전규모(1인이상)","6 영업ㆍ판매ㆍ운전ㆍ운송직",11797,3008,3.1,11377,2438,3.2,11561,2094,3.3,10922,2658,2.9,11837,2237,3.9,10159,1994,3.1,11449,1850,4.0,11644,2384,3.5,11605,1893,3.3,10909,1817,2.7
"부산광역시","전규모(1인이상)","7 건설ㆍ채굴직",3217,135,0.2,8017,157,0.8,7868,173,1.9,10900,267,1.0,7342,77,1.9,3795,119,1.1,6530,65,2.5,6215,2,1.8,4953,1,1.0,7101,5,1.1
"부산광역시","전규모(1인이상)","8 설치ㆍ정비ㆍ생산직",10469,1485,2.6,10346,1985,3.6,10279,2323,4.2,9858,2318,3.8,9116,2060,3.5,8096,1495,2.7,9435,1238,2.9,8197,1025,2.7,8945,776,2.4,8303,651,2.7
"부산광역시","전규모(1인이상)","9 농림어업직",30,0,0.0,12,0,0.0,13,0,2.5,27,0,0.5,106,2,0.8,195,0,0.0,52,0,1.8,254,0,0.0,225,0,0.0,325,0,1.3
"대구광역시","전규모(1인이상)","0 경영ㆍ사무ㆍ금융ㆍ보험직",4974,281,0.9,4784,266,1.2,5740,407,1.5,5913,528,1.3,6330,582,1.2,5503,361,1.3,6337,302,0.9,5960,224,0.9,6698,382,1.0,5437,375,1.1
"대구광역시","전규모(1인이상)","1 연구직 및 공학기술직",1634,259,2.1,2318,288,2.0,2463,350,4.3,2291,341,2.6,1989,272,2.6,2416,368,2.5,2434,141,2.1,2102,245,2.1,2191,237,1.4,1841,270,1.7
"대구광역시","전규모(1인이상)","2 교육ㆍ법률ㆍ사회복지ㆍ경찰ㆍ소방직 및 군인",9184,32,1.8,4342,190,1.8,7556,305,1.9,4157,494,1.8,8856,547,3.1,3244,261,1.1,8933,380,2.1,4821,214,2.7,9358,119,2.3,3986,67,1.7
"대구광역시","전규모(1인이상)","3 보건ㆍ의료직",3411,123,1.4,2746,255,2.1,4760,522,2.8,3269,566,3.2,3980,250,2.1,2794,139,2.2,4813,285,2.0,3452,234,2.2,4898,459,1.8,3968,407,2.1
"대구광역시","전규모(1인이상)","4 예술ㆍ디자인ㆍ방송ㆍ스포츠직",621,81,3.6,485,71,5.4,593,34,3.4,803,99,4.7,1203,51,5.0,444,46,2.4,1209,28,3.3,608,23,4.1,1463,31,1.3,480,22,1.0
"대구광역시","전규모(1인이상)","5 미용ㆍ여행ㆍ숙박ㆍ음식ㆍ경비ㆍ청소직",9358,339,2.0,10045,408,2.4,12910,787,3.2,12376,1103,3.7,16137,565,2.3,14729,316,2.0,19387,514,2.3,16255,364,2.6,19403,458,2.2,15978,450,2.3
"대구광역시","전규모(1인이상)","6 영업ㆍ판매ㆍ운전ㆍ운송직",6276,769,2.6,6924,1262,3.1,6498,1207,3.4,7406,1223,3.4,7533,1365,2.8,8669,1017,3.2,9805,710,3.8,9352,1082,3.3,9142,1052,2.7,7673,853,2.6
"대구광역시","전규모(1인이상)","7 건설ㆍ채굴직",2057,10,0.5,7520,0,0.8,6212,60,0.8,4592,41,1.4,6345,84,3.2,5313,85,2.4,8991,67,3.3,11006,63,1.0,9490,31,2.7,8834,43,1.1
"대구광역시","전규모(1인이상)","8 설치ㆍ정비ㆍ생산직",6074,1063,2.3,5006,1027,2.6,7686,1492,3.8,8945,1743,4.2,7316,1210,2.9,8256,809,2.9,9243,649,2.6,8500,737,3.1,8715,683,2.3,7385,497,1.9
"대구광역시","전규모(1인이상)","9 농림어업직",109,0,0.3,99,0,0.9,435,47,4.3,739,0,0.5,241,0,2.3,35,0,0.3,56,0,1.1,45,0,0.1,102,0,0.3,377,0,19.5
"인천광역시","전규모(1인이상)","0 경영ㆍ사무ㆍ금융ㆍ보험직",5059,222,0.9,5959,353,1.3,6063,503,2.0,5723,557,1.7,6287,543,1.7,6006,481,1.5,6361,455,1.8,6160,464,1.5,6907,448,1.9,6508,621,1.3
"인천광역시","전규모(1인이상)","1 연구직 및 공학기술직",2514,339,2.7,3066,281,2.8,3229,429,3.8,3266,739,3.3,2779,405,2.7,2338,338,2.2,2400,269,2.4,2408,231,2.6,2570,273,2.7,2000,167,2.2
"인천광역시","전규모(1인이상)","2 교육ㆍ법률ㆍ사회복지ㆍ경찰ㆍ소방직 및 군인",4975,28,1.7,3601,143,1.7,6597,117,2.5,3423,197,1.7,6305,287,2.2,2763,75,2.0,4353,24,1.8,2300,41,1.4,4922,66,2.3,2769,66,3.0
"인천광역시","전규모(1인이상)","3 보건ㆍ의료직",3925,303,2.3,3657,482,3.0,5313,367,2.8,3508,615,3.6,4705,334,2.7,3536,274,2.1,4877,361,2.1,3525,225,2.7,4445,269,1.8,4003,445,2.6
"인천광역시","전규모(1인이상)","4 예술ㆍ디자인ㆍ방송ㆍ스포츠직",295,21,3.1,474,44,3.7,793,123,4.2,1242,377,6.2,1299,384,5.6,713,234,3.7,739,85,2.0,733,63,4.1,1107,213,5.1,772,94,4.0
"인천광역시","전규모(1인이상)","5 미용ㆍ여행ㆍ숙박ㆍ음식ㆍ경비ㆍ청소직",10007,153,1.5,11150,241,3.0,14274,616,3.4,12795,808,2.9,16967,567,3.2,14587,747,3.4,15280,599,2.9,12012,355,3.4,14221,368,2.7,11784,396,2.5
"인천광역시","전규모(1인이상)","6 영업ㆍ판매ㆍ운전ㆍ운송직",5805,522,2.9,7860,720,3.6,8550,977,3.8,8518,1324,3.8,10232,1172,4.2,8114,1003,3.5,8313,626,3.5,9381,913,3.6,10167,941,3.1,8958,696,2.9
"인천광역시","전규모(1인이상)","7 건설ㆍ채굴직",2024,42,4.9,3710,14,3.1,3740,34,3.6,1682,95,1.9,2207,73,1.3,3905,191,1.6,3118,34,1.1,3993,29,2.1,2507,30,1.3,3397,1,3.0
"인천광역시","전규모(1인이상)","8 설치ㆍ정비ㆍ생산직",7465,880,3.0,9554,1667,4.4,9905,1873,4.2,8613,1593,3.4,8927,1324,3.5,8345,1484,3.3,8225,919,2.5,7623,784,2.8,8006,511,1.8,6718,690,2.5
"인천광역시","전규모(1인이상)","9 농림어업직",398,3,0.0,182,0,0.4,763,32,19.3,19,12,1.0,337,0,0.6,120,21,1.2,827,10,3.1,1431,0,6.1,1039,8,0.5,734,4,0.2
"광주광역시","전규모(1인이상)","0 경영ㆍ사무ㆍ금융ㆍ보험직",3744,215,1.0,3793,211,1.4,3830,334,1.8,4287,558,1.7,4032,211,1.2,3284,195,1.1,4099,296,1.1,3808,154,1.2,4305,186,1.1,4543,183,1.0
"광주광역시","전규모(1인이상)","1 연구직 및 공학기술직",1578,327,2.0,1571,153,2.5,1882,257,2.4,1776,454,3.3,1645,159,2.1,1539,273,2.5,1611,275,2.2,1420,187,1.6,1541,140,1.5,1432,76,1.9
"광주광역시","전규모(1인이상)","2 교육ㆍ법률ㆍ사회복지ㆍ경찰ㆍ소방직 및 군인",4056,16,1.4,2525,118,2.3,3965,122,2.2,2067,209,2.3,6096,231,2.4,1562,35,1.3,5014,157,1.8,2211,131,2.1,4986,306,2.1,2566,64,1.7
"광주광역시","전규모(1인이상)","3 보건ㆍ의료직",2298,170,1.3,2481,213,1.8,3154,254,2.0,2283,192,2.3,3061,142,2.3,2293,244,2.3,2844,194,1.7,2391,99,1.6,3248,128,1.0,2187,49,1.0
"광주광역시","전규모(1인이상)","4 예술ㆍ디자인ㆍ방송ㆍ스포츠직",381,34,3.0,328,43,3.3,569,107,3.0,328,119,4.4,488,79,3.7,372,24,2.8,626,56,3.0,588,45,2.9,423,8,3.2,765,5,3.6
"광주광역시","전규모(1인이상)","5 미용ㆍ여행ㆍ숙박ㆍ음식ㆍ경비ㆍ청소직",8418,191,1.4,7021,210,2.9,9575,371,3.9,8084,628,3.8,10252,540,2.7,7323,181,2.9,10703,217,2.2,8016,212,2.1,10492,185,2.3,7823,171,2.7
"광주광역시","전규모(1인이상)","6 영업ㆍ판매ㆍ운전ㆍ운송직",4132,649,3.3,4439,1083,4.5,4572,980,4.3,5021,1220,4.1,5155,1018,3.2,3990,713,3.6,4334,437,3.3,3554,423,3.6,4745,426,3.3,3468,324,3.7
"광주광역시","전규모(1인이상)","7 건설ㆍ채굴직",1733,28,1.1,4209,65,1.9,4321,190,1.4,4670,118,4.0,5349,36,1.4,4545,23,2.2,5782,21,1.2,4831,14,2.3,5078,6,3.5,6448,16,1.3
"광주광역시","전규모(1인이상)","8 설치ㆍ정비ㆍ생산직",4607,353,3.0,3945,659,3.6,5445,973,4.0,4692,654,3.6,4520,528,3.3,4845,535,3.2,4685,710,3.2,3631,441,2.7,4937,539,3.1,4704,469,2.2
"광주광역시","전규모(1인이상)","9 농림어업직",214,1,2.8,327,1,1.4,199,1,0.7,38,2,0.5,48,5,1.0,66,1,0.0,339,0,0.0,16,0,0.0,37,0,0.0,32,0,0.0
"대전광역시","전규모(1인이상)","0 경영ㆍ사무ㆍ금융ㆍ보험직",3532,374,1.4,4700,478,1.5,4006,528,1.6,4888,624,1.7,5616,570,1.9,3948,424,1.3,3763,214,2.0,3939,170,1.2,4302,228,1.4,3775,294,1.5
"대전광역시","전규모(1인이상)","1 연구직 및 공학기술직",2939,434,2.4,3716,833,3.4,4132,796,3.7,4721,1018,3.8,4680,887,4.4,3730,834,3.2,4011,556,3.4,3283,588,2.7,3681,623,2.9,3077,546,2.7
"대전광역시","전규모(1인이상)","2 교육ㆍ법률ㆍ사회복지ㆍ경찰ㆍ소방직 및 군인",3834,24,3.0,2668,221,2.5,4114,125,2.2,3026,101,2.2,5218,181,1.7,2074,40,1.4,6423,96,2.4,2731,9,2.1,6630,29,1.6,5003,68,1.9
"대전광역시","전규모(1인이상)","3 보건ㆍ의료직",2532,149,2.8,2040,255,3.1,2542,244,2.6,1845,287,3.2,2925,207,2.2,1713,310,2.7,2926,103,1.5,2292,530,2.9,2539,434,3.5,2344,294,3.4
"대전광역시","전규모(1인이상)","4 예술ㆍ디자인ㆍ방송ㆍ스포츠직",341,39,2.7,273,29,4.7,334,15,2.2,386,195,4.2,575,61,2.4,314,18,3.5,464,39,2.4,584,18,3.6,712,5,2.4,89,2,2.6
"대전광역시","전규모(1인이상)","5 미용ㆍ여행ㆍ숙박ㆍ음식ㆍ경비ㆍ청소직",5762,152,2.6,6673,176,3.5,8011,314,3.7,8354,402,4.0,12432,495,3.9,8921,622,2.8,11350,487,3.5,9889,288,3.3,9825,64,2.8,8287,273,3.8
"대전광역시","전규모(1인이상)","6 영업ㆍ판매ㆍ운전ㆍ운송직",4954,499,3.8,7106,739,4.3,6952,1431,4.9,6160,1009,5.3,6491,763,4.4,5028,502,3.5,8588,335,3.0,6116,210,3.4,6772,534,3.4,6386,403,3.1
"대전광역시","전규모(1인이상)","7 건설ㆍ채굴직",2359,17,1.0,3382,223,4.0,3930,115,4.9,7840,274,2.8,7425,144,13.5,17482,16,2.8,7771,163,2.5,9020,10,5.0,6741,32,4.7,6862,123,1.3
"대전광역시","전규모(1인이상)","8 설치ㆍ정비ㆍ생산직",2838,291,2.2,3465,681,4.5,4196,739,4.7,4352,620,3.7,4347,431,3.9,6915,431,2.3,4350,286,3.3,6177,369,3.0,6157,671,2.8,4975,275,2.9
"대전광역시","전규모(1인이상)","9 농림어업직",39,0,1.4,2,0,0.0,196,0,0.0,34,0,0.0,307,2,16.1,465,0,1.5,440,3,14.0,763,1,0.8,50,0,0.0,285,8,1.3
"울산광역시","전규모(1인이상)","0 경영ㆍ사무ㆍ금융ㆍ보험직",1429,36,0.4,1758,120,0.9,2590,191,1.2,2318,129,1.1,2391,194,1.2,2163,156,1.0,2735,157,1.3,2390,159,1.3,2621,134,1.6,2340,78,0.8
"울산광역시","전규모(1인이상)","1 연구직 및 공학기술직",903,52,1.4,1136,180,2.0,1713,312,2.7,1506,243,2.8,1648,165,3.0,1161,127,2.8,1453,175,2.8,1586,217,2.4,1521,100,2.2,1269,89,1.8
"울산광역시","전규모(1인이상)","2 교육ㆍ법률ㆍ사회복지ㆍ경찰ㆍ소방직 및 군인",1753,18,1.1,1667,125,1.8,2059,89,2.1,1271,65,1.5,2777,37,2.4,1307,67,1.8,1920,41,2.4,2042,87,2.2,2261,79,3.5,1557,88,3.1
"울산광역시","전규모(1인이상)","3 보건ㆍ의료직",1254,77,1.5,1012,110,1.1,1492,126,1.8,1022,126,1.9,1641,106,1.7,935,84,2.1,1653,27,1.9,1175,53,1.9,1876,27,2.6,1172,50,2.0
"울산광역시","전규모(1인이상)","4 예술ㆍ디자인ㆍ방송ㆍ스포츠직",94,5,1.3,40,3,0.3,93,1,1.0,181,57,6.6,131,47,6.0,61,0,5.5,208,17,2.6,165,11,3.5,172,4,1.3,213,5,2.0
"울산광역시","전규모(1인이상)","5 미용ㆍ여행ㆍ숙박ㆍ음식ㆍ경비ㆍ청소직",3489,21,1.1,3118,122,3.0,3706,189,2.7,3297,403,3.6,5084,223,3.9,4148,92,2.8,5307,143,3.9,4483,201,3.2,6144,120,3.4,4372,169,3.8
"울산광역시","전규모(1인이상)","6 영업ㆍ판매ㆍ운전ㆍ운송직",1320,337,1.1,2182,396,2.2,1838,408,2.5,2159,471,3.5,2378,440,2.9,2417,267,2.8,2969,342,2.6,3084,266,2.5,2683,194,2.3,2800,151,2.3
"울산광역시","전규모(1인이상)","7 건설ㆍ채굴직",832,6,0.5,1734,39,1.7,2578,120,3.3,1783,184,2.5,3673,146,3.7,2632,111,5.7,3799,105,5.6,4874,209,2.2,3243,103,3.4,4812,157,1.8
"울산광역시","전규모(1인이상)","8 설치ㆍ정비ㆍ생산직",4446,337,0.9,6026,605,1.5,4931,743,2.3,4913,1057,2.4,6530,849,2.8,5291,598,2.7,5898,430,2.3,4668,547,1.9,5538,322,2.7,5570,258,1.8
"울산광역시","전규모(1인이상)","9 농림어업직",147,0,0.4,322,0,0.5,120,0,6.6,84,2,2.1,141,0,3.7,2,0,0.4,135,5,6.8,16,0,2.9,76,0,2.7,243,0,1.3
"세종특별자치시","전규모(1인이상)","0 경영ㆍ사무ㆍ금융ㆍ보험직",706,72,2.1,720,118,2.3,773,106,2.4,976,84,2.0,948,105,2.2,961,134,1.7,974,110,1.6,902,131,1.4,763,56,1.9,813,83,1.6
"세종특별자치시","전규모(1인이상)","1 연구직 및 공학기술직",543,93,3.3,501,51,3.7,648,125,5.0,733,89,3.9,660,97,3.9,596,157,3.1,622,47,3.2,514,83,3.0,567,83,3.9,483,74,2.6
"세종특별자치시","전규모(1인이상)","2 교육ㆍ법률ㆍ사회복지ㆍ경찰ㆍ소방직 및 군인",1149,6,2.5,897,25,2.9,1472,57,3.4,739,48,4.3,1389,39,2.6,702,21,3.0,1160,57,3.7,711,10,2.2,1196,66,3.5,758,64,1.9
"세종특별자치시","전규모(1인이상)","3 보건ㆍ의료직",176,5,3.4,399,56,5.5,253,7,3.6,183,19,4.7,309,12,3.5,358,48,2.8,415,22,2.1,442,23,3.7,437,49,2.3,385,25,1.4
"세종특별자치시","전규모(1인이상)","4 예술ㆍ디자인ㆍ방송ㆍ스포츠직",39,0,3.5,82,0,4.8,57,0,5.8,113,39,9.3,102,25,7.5,178,3,4.2,226,9,4.6,331,17,3.3,185,1,4.4,216,11,1.8
"세종특별자치시","전규모(1인이상)","5 미용ㆍ여행ㆍ숙박ㆍ음식ㆍ경비ㆍ청소직",742,67,2.3,873,102,5.8,1413,37,4.9,1625,128,5.8,1898,62,2.9,1352,15,2.6,2100,46,3.2,2401,6,3.8,2038,33,3.1,1682,62,2.5
"세종특별자치시","전규모(1인이상)","6 영업ㆍ판매ㆍ운전ㆍ운송직",657,86,2.9,694,90,2.9,831,155,4.1,1023,240,5.3,1142,179,3.6,1096,100,4.4,1173,256,5.0,987,92,4.6,1090,71,3.9,973,141,5.2
"세종특별자치시","전규모(1인이상)","7 건설ㆍ채굴직",157,0,0.8,621,0,1.6,360,5,11.8,1804,0,3.7,827,0,2.5,3492,5,3.0,695,1,2.0,1236,4,3.7,1117,6,5.1,731,3,3.1
"세종특별자치시","전규모(1인이상)","8 설치ㆍ정비ㆍ생산직",1155,165,4.9,1207,325,5.0,1445,292,5.8,1460,295,5.6,1176,191,3.5,1531,215,4.9,1461,148,3.5,1199,253,4.5,1556,130,3.2,1373,178,3.1
"세종특별자치시","전규모(1인이상)","9 농림어업직",23,0,0.9,12,0,3.2,36,3,28.1,47,0,2.2,12,0,1.3,406,0,1.2,131,0,0.7,73,0,0.9,85,0,0.0,19,0,1.4
"경기도","전규모(1인이상)","0 경영ㆍ사무ㆍ금융ㆍ보험직",31052,2429,1.5,34249,3561,1.7,39883,6172,2.2,33871,5533,2.4,36715,5129,1.9,36139,4973,1.6,37404,3695,1.6,35065,3486,1.5,39875,4205,1.4,33394,3252,1.3
"경기도","전규모(1인이상)","1 연구직 및 공학기술직",22615,3766,3.3,25358,4544,3.6,26714,5212,3.7,24395,5085,3.6,25669,5984,3.3,21098,5240,3.2,22886,4720,2.7,22011,3929,2.3,22641,4319,2.7,20315,3801,2.1
"경기도","전규모(1인이상)","2 교육ㆍ법률ㆍ사회복지ㆍ경찰ㆍ소방직 및 군인",32011,737,1.8,21047,1076,2.1,36119,2158,3.0,20214,1371,2.6,34208,788,2.2,19374,1780,2.7,33687,776,2.9,20436,747,2.5,39764,952,2.4,20487,675,2.2
"경기도","전규모(1인이상)","3 보건ㆍ의료직",14885,1421,2.6,12323,2134,4.0,19152,1756,3.5,15819,1966,4.3,19479,2549,3.4,13126,1603,2.7,17792,1315,2.4,15285,1673,2.7,17188,2385,2.6,13477,1593,2.4
"경기도","전규모(1인이상)","4 예술ㆍ디자인ㆍ방송ㆍ스포츠직",3949,312,3.7,4044,385,5.2,4505,369,5.1,4574,754,3.6,7203,675,3.2,5370,644,4.2,4867,531,2.8,4490,502,3.3,5460,354,3.3,5980,460,4.2
"경기도","전규모(1인이상)","5 미용ㆍ여행ㆍ숙박ㆍ음식ㆍ경비ㆍ청소직",40698,1012,2.4,44179,2395,3.8,52953,3021,5.7,62382,4261,4.3,67426,3963,3.3,70757,5646,4.0,84076,2297,3.2,72071,2781,3.7,78642,2161,2.7,59407,2058,2.9
"경기도","전규모(1인이상)","6 영업ㆍ판매ㆍ운전ㆍ운송직",33937,5528,3.6,34692,5145,4.0,41278,8138,3.9,45742,12801,4.9,45865,10368,4.0,48131,7192,4.1,56375,6177,3.7,61083,6696,3.6,57229,4832,3.2,53762,4994,3.3
"경기도","전규모(1인이상)","7 건설ㆍ채굴직",8734,195,1.1,46997,421,1.7,19368,255,1.8,25772,405,1.7,14921,273,1.2,25868,515,2.7,12287,154,1.4,20331,438,2.4,13777,236,2.0,21786,12,2.5
"경기도","전규모(1인이상)","8 설치ㆍ정비ㆍ생산직",47271,10965,4.8,56787,13946,5.5,60320,19541,6.9,62214,17732,6.0,50444,11595,4.9,55673,14573,4.7,52456,11323,3.6,52520,9397,4.3,44823,6621,3.1,51374,6932,3.4
"경기도","전규모(1인이상)","9 농림어업직",1042,43,1.9,513,103,6.0,341,137,13.4,826,119,2.6,834,215,3.1,1254,86,1.5,1559,61,9.1,1340,73,1.2,1969,138,3.8,1553,59,2.3
"강원특별자치도","전규모(1인이상)","0 경영ㆍ사무ㆍ금융ㆍ보험직",2505,147,1.5,2801,256,1.9,4200,756,2.0,3986,614,2.3,4013,566,2.1,3641,327,1.3,4452,398,1.7,3647,293,2.0,4624,754,2.1,3296,305,1.7
"강원특별자치도","전규모(1인이상)","1 연구직 및 공학기술직",1343,108,3.1,1570,140,2.4,1926,258,3.5,1468,241,4.5,1691,184,2.2,1466,142,2.0,1891,237,1.7,1533,191,2.2,1628,155,2.3,1860,265,2.5
"강원특별자치도","전규모(1인이상)","2 교육ㆍ법률ㆍ사회복지ㆍ경찰ㆍ소방직 및 군인",2292,145,2.2,2404,212,2.6,3557,266,3.9,2553,408,2.9,3547,478,3.5,1296,117,1.7,4384,62,2.4,2205,168,3.0,3748,174,2.1,2358,236,1.6
"강원특별자치도","전규모(1인이상)","3 보건ㆍ의료직",1577,193,3.1,1319,248,3.8,2012,338,4.1,1892,464,6.2,1958,487,3.4,1887,336,3.9,2497,479,4.3,1920,285,3.6,2231,161,3.1,2387,338,3.6
"강원특별자치도","전규모(1인이상)","4 예술ㆍ디자인ㆍ방송ㆍ스포츠직",329,23,1.5,393,62,2.6,452,41,4.3,428,41,2.9,623,81,5.8,1034,16,4.8,1164,30,1.5,791,29,1.5,1353,21,2.3,738,43,1.9
"강원특별자치도","전규모(1인이상)","5 미용ㆍ여행ㆍ숙박ㆍ음식ㆍ경비ㆍ청소직",6601,297,3.4,5909,556,4.7,8508,1134,5.5,11463,1270,4.9,11772,1003,4.4,11707,967,4.4,14073,778,4.8,11122,815,4.1,13166,838,4.5,10522,1216,4.5
"강원특별자치도","전규모(1인이상)","6 영업ㆍ판매ㆍ운전ㆍ운송직",2931,544,3.6,3237,653,4.5,4656,932,4.8,5063,737,6.0,5205,613,4.6,4185,591,3.7,4992,219,3.1,4616,579,3.6,4775,373,3.8,5023,355,3.2
"강원특별자치도","전규모(1인이상)","7 건설ㆍ채굴직",6851,55,1.6,8097,337,3.0,7886,398,3.9,14273,205,3.8,11243,292,4.5,8706,81,3.9,11115,50,2.6,13273,53,2.5,11658,85,3.7,14276,233,2.8
"강원특별자치도","전규모(1인이상)","8 설치ㆍ정비ㆍ생산직",3489,386,3.3,3984,1057,7.0,4372,863,6.6,5670,1054,7.3,4648,959,5.6,5855,1113,4.3,5681,878,4.7,4796,674,4.4,5205,1020,4.1,4199,589,3.5
"강원특별자치도","전규모(1인이상)","9 농림어업직",558,13,12.1,453,224,5.2,1568,43,5.9,843,15,8.5,1781,40,3.8,543,1,4.2,503,12,2.3,330,2,4.5,366,8,3.0,91,15,2.0
"충청북도","전규모(1인이상)","0 경영ㆍ사무ㆍ금융ㆍ보험직",4133,384,1.1,3996,460,1.5,5160,829,1.7,5287,594,2.1,6225,1000,2.5,3492,326,1.6,4226,542,1.8,3482,362,1.5,4785,737,1.4,3738,549,1.2
"충청북도","전규모(1인이상)","1 연구직 및 공학기술직",2222,275,1.9,2771,285,2.1,3282,501,2.8,2694,354,3.3,3212,639,2.8,2855,740,3.8,2981,401,2.5,2500,494,2.8,2669,366,2.5,2350,476,2.4
"충청북도","전규모(1인이상)","2 교육ㆍ법률ㆍ사회복지ㆍ경찰ㆍ소방직 및 군인",3621,55,1.9,1702,177,1.8,3130,293,1.8,1904,213,2.2,4393,274,2.9,2569,526,2.9,3512,298,2.4,2967,251,2.4,4814,596,3.1,2892,212,1.6
"충청북도","전규모(1인이상)","3 보건ㆍ의료직",1592,274,3.0,1439,410,3.8,1845,231,4.4,1624,282,3.5,2444,379,2.8,1371,275,2.6,1988,253,2.5,2018,416,2.9,2558,227,1.9,1828,261,2.2
"충청북도","전규모(1인이상)","4 예술ㆍ디자인ㆍ방송ㆍ스포츠직",350,69,3.4,307,88,2.5,520,163,2.9,319,112,3.8,289,79,2.9,277,139,3.6,438,29,3.7,452,55,1.5,669,13,1.9,348,47,2.0
"충청북도","전규모(1인이상)","5 미용ㆍ여행ㆍ숙박ㆍ음식ㆍ경비ㆍ청소직",7827,338,1.8,7158,495,3.1,15004,2256,6.0,8094,1135,4.9,10922,469,2.7,7122,418,3.1,10309,414,3.2,8047,487,3.9,10191,365,3.3,8348,516,3.3
"충청북도","전규모(1인이상)","6 영업ㆍ판매ㆍ운전ㆍ운송직",7322,1103,3.6,6356,1316,4.5,10417,3519,5.7,8301,2349,6.1,6007,1199,3.3,5937,1637,4.3,8649,1516,4.5,6170,869,5.0,6025,1190,4.3,6846,1408,4.2
"충청북도","전규모(1인이상)","7 건설ㆍ채굴직",7321,61,0.6,9905,32,1.0,7902,178,2.0,11684,56,1.6,4126,243,2.5,6240,93,2.0,6743,78,2.8,10147,201,5.5,4378,189,3.0,13967,35,3.4
"충청북도","전규모(1인이상)","8 설치ㆍ정비ㆍ생산직",11290,2115,4.3,12989,2844,5.2,15030,5661,6.7,15551,4078,6.2,12563,3582,4.4,11330,3412,4.9,10461,2587,5.0,11183,2421,4.3,10473,1705,3.7,12087,1772,3.1
"충청북도","전규모(1인이상)","9 농림어업직",418,0,0.0,95,0,4.1,97,9,12.9,107,36,10.0,143,62,13.1,418,4,0.2,414,7,1.5,637,0,1.8,217,6,1.2,2368,0,0.9
"충청남도","전규모(1인이상)","0 경영ㆍ사무ㆍ금융ㆍ보험직",4866,522,1.3,4681,598,1.8,5943,850,2.3,5312,996,2.1,6199,1008,1.7,4735,633,1.5,5996,735,1.3,4841,663,1.5,6163,684,1.8,5072,523,1.6
"충청남도","전규모(1인이상)","1 연구직 및 공학기술직",2998,186,2.7,2885,441,2.6,3545,390,2.8,2899,552,3.0,3529,509,2.2,2941,429,2.1,2604,384,1.7,2326,443,2.1,3093,558,1.8,2216,323,1.7
"충청남도","전규모(1인이상)","2 교육ㆍ법률ㆍ사회복지ㆍ경찰ㆍ소방직 및 군인",4595,62,2.0,2726,120,2.4,6642,338,2.1,2854,316,1.8,6708,264,2.3,2844,60,1.8,6813,180,2.4,2363,50,1.5,6331,84,2.2,3317,238,2.2
"충청남도","전규모(1인이상)","3 보건ㆍ의료직",2172,160,2.5,1772,392,3.8,2473,476,4.0,2208,621,4.2,2755,340,3.4,1843,199,3.1,2912,236,3.3,2348,521,3.2,2495,506,4.1,2203,354,2.8
"충청남도","전규모(1인이상)","4 예술ㆍ디자인ㆍ방송ㆍ스포츠직",199,3,4.7,66,1,4.4,473,9,4.9,402,84,2.8,327,8,3.0,432,63,2.2,522,29,4.7,277,46,2.5,426,50,2.0,297,48,2.6
"충청남도","전규모(1인이상)","5 미용ㆍ여행ㆍ숙박ㆍ음식ㆍ경비ㆍ청소직",10632,164,2.8,7593,206,3.5,10215,427,4.1,11076,971,4.5,11511,1175,3.6,11462,579,3.1,13737,650,3.2,13304,413,4.0,11646,283,3.0,9621,581,3.3
"충청남도","전규모(1인이상)","6 영업ㆍ판매ㆍ운전ㆍ운송직",6105,288,2.9,5511,734,4.1,6218,1019,3.9,7206,1161,4.4,7259,967,3.7,5997,529,3.9,7881,1087,4.2,7249,605,3.2,7471,572,3.5,5238,305,2.7
"충청남도","전규모(1인이상)","7 건설ㆍ채굴직",5827,21,2.6,8975,147,2.8,6280,178,2.2,8958,67,3.6,7704,314,3.1,20313,164,6.6,10835,409,4.3,12588,96,4.5,14267,223,7.3,12999,79,6.0
"충청남도","전규모(1인이상)","8 설치ㆍ정비ㆍ생산직",13284,2165,3.7,15471,3446,4.7,15552,3673,5.6,15388,4704,5.4,14979,2340,3.9,16277,3245,4.6,13592,2032,4.0,14752,2508,3.7,13166,1989,3.3,11184,1924,3.1
"충청남도","전규모(1인이상)","9 농림어업직",382,10,0.5,377,9,1.9,1021,0,11.1,379,1,6.6,372,6,2.7,297,7,4.0,842,4,3.7,919,3,3.9,1039,9,9.6,763,8,9.3
"전북특별자치도","전규모(1인이상)","0 경영ㆍ사무ㆍ금융ㆍ보험직",3094,192,0.9,4066,208,1.3,3481,398,1.4,3511,293,1.3,4486,421,1.4,3449,376,1.5,3821,333,1.3,3780,332,1.5,4441,298,1.4,3684,350,1.2
"전북특별자치도","전규모(1인이상)","1 연구직 및 공학기술직",1813,212,2.0,1614,248,2.6,1841,407,3.1,1701,410,3.1,2015,280,2.4,1794,265,2.4,2307,216,2.4,1964,217,1.9,2066,230,2.1,2043,228,2.0
"전북특별자치도","전규모(1인이상)","2 교육ㆍ법률ㆍ사회복지ㆍ경찰ㆍ소방직 및 군인",3749,92,1.6,2463,147,2.4,4211,286,2.5,2239,88,1.8,4457,198,2.0,1753,136,1.8,4907,300,2.9,2655,272,2.7,5995,79,1.7,2592,133,2.4
"전북특별자치도","전규모(1인이상)","3 보건ㆍ의료직",1921,194,1.7,1789,321,2.5,2077,239,2.8,2295,409,3.0,2859,303,2.3,2026,288,2.4,2677,323,2.6,1764,301,3.3,2975,473,2.9,2106,341,2.1
"전북특별자치도","전규모(1인이상)","4 예술ㆍ디자인ㆍ방송ㆍ스포츠직",280,101,3.7,348,83,5.8,357,43,3.1,302,103,4.9,531,134,5.6,189,33,3.8,579,95,5.3,527,80,2.6,657,44,4.8,201,62,2.8
"전북특별자치도","전규모(1인이상)","5 미용ㆍ여행ㆍ숙박ㆍ음식ㆍ경비ㆍ청소직",4835,165,1.3,5245,283,3.0,5508,285,2.3,5611,287,2.5,8848,410,2.6,8697,788,2.9,11332,390,4.4,8618,412,2.9,9850,130,2.0,8331,309,2.6
"전북특별자치도","전규모(1인이상)","6 영업ㆍ판매ㆍ운전ㆍ운송직",3441,557,2.6,3595,729,3.5,3391,356,3.0,3798,779,3.9,3523,491,3.6,4213,172,2.7,4766,382,2.5,4345,126,2.5,4551,213,2.5,4221,213,2.3
"전북특별자치도","전규모(1인이상)","7 건설ㆍ채굴직",4154,25,2.2,5862,189,7.7,6976,37,7.1,6019,159,6.5,8050,21,9.4,5211,92,4.2,5118,6,3.0,6922,218,5.8,5586,30,2.5,8371,27,1.8
"전북특별자치도","전규모(1인이상)","8 설치ㆍ정비ㆍ생산직",5158,1086,3.3,6509,1188,5.8,6735,1744,5.0,6628,1440,3.8,5880,800,3.5,6178,1240,3.8,7311,1177,3.9,5603,926,3.2,5994,530,2.4,4891,519,3.6
"전북특별자치도","전규모(1인이상)","9 농림어업직",108,34,2.9,136,35,11.9,373,8,8.4,433,110,11.9,462,95,7.5,154,7,1.4,364,8,4.2,260,2,6.1,441,57,2.0,112,0,2.4
"전라남도","전규모(1인이상)","0 경영ㆍ사무ㆍ금융ㆍ보험직",3061,419,1.2,3024,166,1.4,3403,495,1.8,3912,684,1.8,2947,287,1.2,3339,362,1.5,3459,433,1.6,3100,248,1.4,3679,400,2.0,3428,179,1.3
"전라남도","전규모(1인이상)","1 연구직 및 공학기술직",1927,220,1.5,2215,133,2.1,2803,301,2.1,2320,290,1.9,2500,231,2.1,2256,239,2.3,2543,335,3.3,2270,263,2.6,2641,361,2.2,2592,142,1.5
"전라남도","전규모(1인이상)","2 교육ㆍ법률ㆍ사회복지ㆍ경찰ㆍ소방직 및 군인",2733,176,2.1,2241,364,3.3,3045,268,3.1,2183,530,3.2,3673,308,2.4,1254,102,1.2,4204,243,2.9,1974,150,2.2,4677,156,2.5,1733,75,2.1
"전라남도","전규모(1인이상)","3 보건ㆍ의료직",2227,247,2.7,1809,248,2.5,2491,348,2.9,1988,399,2.7,2402,318,2.6,1697,377,2.6,2452,250,1.7,1633,312,2.2,2537,430,2.3,1747,375,2.3
"전라남도","전규모(1인이상)","4 예술ㆍ디자인ㆍ방송ㆍ스포츠직",178,3,4.2,285,15,1.6,257,16,2.2,302,139,5.5,496,41,3.3,238,24,1.3,440,56,3.1,198,50,4.8,407,50,3.5,334,2,3.4
"전라남도","전규모(1인이상)","5 미용ㆍ여행ㆍ숙박ㆍ음식ㆍ경비ㆍ청소직",4724,138,1.3,5431,244,2.5,5075,605,3.5,5933,656,3.4,7678,640,2.3,6803,465,3.4,8131,578,3.2,6612,515,2.9,8548,352,2.8,6694,556,2.6
"전라남도","전규모(1인이상)","6 영업ㆍ판매ㆍ운전ㆍ운송직",3037,341,2.7,3768,444,3.5,5068,510,3.1,4431,953,4.5,4958,1337,4.7,3430,507,4.2,3957,246,2.8,4445,305,2.7,4437,842,3.2,3369,241,2.2
"전라남도","전규모(1인이상)","7 건설ㆍ채굴직",1623,206,1.1,7298,151,1.9,5072,115,3.4,6745,350,3.2,8170,146,2.6,8489,188,2.9,7947,17,2.1,12091,157,1.9,7304,239,3.9,8587,47,2.7
"전라남도","전규모(1인이상)","8 설치ㆍ정비ㆍ생산직",5299,787,2.6,8529,1144,5.0,7909,2055,5.9,8641,1831,5.6,7502,1454,4.3,7001,1145,4.4,7859,908,3.1,7374,431,2.6,7073,624,2.9,6004,551,3.0
"전라남도","전규모(1인이상)","9 농림어업직",112,4,2.4,488,0,4.2,297,8,1.1,1121,0,1.7,441,7,3.6,441,14,2.3,530,5,4.2,172,9,4.2,234,3,0.4,174,23,8.9
"경상북도","전규모(1인이상)","0 경영ㆍ사무ㆍ금융ㆍ보험직",4882,600,1.2,4686,523,1.3,6104,795,1.5,5256,703,1.3,5184,925,1.5,4640,693,1.8,6328,605,2.0,5909,606,1.2,5320,561,1.1,5023,548,1.3
"경상북도","전규모(1인이상)","1 연구직 및 공학기술직",2759,388,2.4,3457,742,2.8,3145,604,3.2,3098,787,3.2,3053,586,2.5,2766,420,1.9,2859,193,1.6,2778,293,1.8,2477,187,1.8,2747,343,1.5
"경상북도","전규모(1인이상)","2 교육ㆍ법률ㆍ사회복지ㆍ경찰ㆍ소방직 및 군인",5875,250,2.1,4074,504,2.4,6568,514,2.7,4453,423,2.5,6817,374,2.3,2961,234,2.2,6165,161,1.3,3425,232,2.1,6946,246,2.1,3999,394,2.9
"경상북도","전규모(1인이상)","3 보건ㆍ의료직",2372,252,2.5,1869,380,2.9,2563,467,3.0,2195,442,2.7,2868,356,1.8,2418,429,2.7,2707,237,2.5,2240,514,2.7,3696,180,2.3,2212,142,2.8
"경상북도","전규모(1인이상)","4 예술ㆍ디자인ㆍ방송ㆍ스포츠직",484,82,3.0,245,37,2.3,460,47,3.3,374,66,3.3,802,82,4.5,432,158,3.4,358,20,2.3,308,38,2.6,488,23,1.2,340,14,0.8
"경상북도","전규모(1인이상)","5 미용ㆍ여행ㆍ숙박ㆍ음식ㆍ경비ㆍ청소직",8186,341,2.6,8903,945,2.7,12912,1041,3.6,9813,1292,3.7,9904,638,2.3,13411,887,3.0,15419,801,2.8,13574,682,2.7,15865,695,2.6,10875,680,3.6
"경상북도","전규모(1인이상)","6 영업ㆍ판매ㆍ운전ㆍ운송직",5971,1162,3.1,6984,1453,4.0,7344,2091,4.6,8154,1988,4.0,9247,2200,4.0,7276,781,2.6,6074,685,2.3,6871,664,2.9,6074,657,1.9,6417,578,2.4
"경상북도","전규모(1인이상)","7 건설ㆍ채굴직",9243,203,2.4,19126,84,1.5,11954,191,2.7,14326,206,2.5,12345,304,2.9,8117,42,1.4,9802,96,2.6,17126,90,2.0,10057,109,1.4,10586,84,1.8
"경상북도","전규모(1인이상)","8 설치ㆍ정비ㆍ생산직",13128,3094,3.7,15553,2476,3.3,14477,3842,4.5,17549,5356,4.6,16025,4664,4.4,17327,3470,4.4,13126,2044,3.4,15436,2044,3.6,12658,1957,3.0,13549,1166,2.9
"경상북도","전규모(1인이상)","9 농림어업직",1098,0,9.1,776,11,3.9,1148,18,12.0,221,6,7.2,770,7,0.6,679,2,3.7,744,9,1.7,371,5,1.4,1489,22,1.7,514,8,0.8
"경상남도","전규모(1인이상)","0 경영ㆍ사무ㆍ금융ㆍ보험직",6530,689,1.2,6626,1103,1.2,6794,928,1.3,6630,893,1.3,7962,915,1.5,5572,803,1.1,7256,810,1.3,6218,713,1.0,8857,1718,1.3,6551,719,1.0
"경상남도","전규모(1인이상)","1 연구직 및 공학기술직",2747,317,1.4,2946,517,2.0,3283,536,2.7,3187,512,2.3,4021,767,2.3,3246,453,2.3,3249,516,2.0,3454,571,2.3,3596,474,1.9,2995,541,1.8
"경상남도","전규모(1인이상)","2 교육ㆍ법률ㆍ사회복지ㆍ경찰ㆍ소방직 및 군인",6467,41,1.4,3940,123,2.0,5796,565,2.7,3584,208,2.0,7435,265,1.6,3164,160,1.9,5881,277,1.8,2785,244,1.8,6418,104,1.9,3335,55,1.7
"경상남도","전규모(1인이상)","3 보건ㆍ의료직",4663,449,1.6,3449,653,2.7,4744,502,2.1,3185,431,2.7,4259,428,2.2,3166,584,2.7,3987,413,1.4,2897,545,2.8,5069,1189,3.4,3440,616,2.5
"경상남도","전규모(1인이상)","4 예술ㆍ디자인ㆍ방송ㆍ스포츠직",589,47,2.1,425,34,2.5,553,114,1.7,268,6,2.6,463,26,1.6,297,25,2.3,329,33,1.9,348,93,3.4,678,54,3.1,371,73,2.2
"경상남도","전규모(1인이상)","5 미용ㆍ여행ㆍ숙박ㆍ음식ㆍ경비ㆍ청소직",10291,250,1.3,8173,277,2.1,8986,679,3.4,10494,874,3.0,11961,1155,2.5,10256,632,2.4,12376,695,2.4,10740,865,2.1,13985,755,2.5,10655,574,2.7
"경상남도","전규모(1인이상)","6 영업ㆍ판매ㆍ운전ㆍ운송직",6700,1166,2.4,5845,1281,2.9,6918,1353,3.5,8323,1599,3.3,6669,1706,3.7,7389,1750,2.8,7812,1600,2.8,6930,1332,2.7,9454,1066,2.5,7121,1048,2.9
"경상남도","전규모(1인이상)","7 건설ㆍ채굴직",1751,205,1.8,4928,158,2.3,2704,93,2.8,2780,465,4.1,2677,169,3.1,1976,161,2.2,3964,9,3.2,5552,81,3.3,6970,218,2.3,9719,26,1.9
"경상남도","전규모(1인이상)","8 설치ㆍ정비ㆍ생산직",14058,3088,2.7,12988,2834,3.8,14768,4512,4.7,16249,5059,4.9,17985,3978,4.4,14854,3810,3.4,15448,2794,3.4,12493,2450,3.0,13958,1907,2.9,13240,2205,2.8
"경상남도","전규모(1인이상)","9 농림어업직",163,3,4.9,295,0,2.5,132,32,1.7,292,92,2.7,601,15,0.7,68,6,1.1,174,4,0.6,250,0,3.6,611,3,10.2,87,5,1.6
"제주특별자치도","전규모(1인이상)","0 경영ㆍ사무ㆍ금융ㆍ보험직",1402,168,2.0,1128,128,2.2,1591,254,2.1,1656,235,2.1,1834,250,2.3,1627,162,2.7,2090,145,1.8,1300,175,1.1,1519,95,1.5,1618,305,1.8
"제주특별자치도","전규모(1인이상)","1 연구직 및 공학기술직",735,273,2.6,641,256,3.9,690,165,2.7,467,70,1.4,751,96,1.8,695,161,4.2,672,175,4.7,399,92,2.9,490,9,2.4,499,38,2.4
"제주특별자치도","전규모(1인이상)","2 교육ㆍ법률ㆍ사회복지ㆍ경찰ㆍ소방직 및 군인",1579,66,1.9,788,102,2.1,1316,235,3.5,783,110,2.3,1762,389,5.6,1067,105,2.1,1170,21,1.8,464,4,0.6,1047,13,2.2,781,48,1.1
"제주특별자치도","전규모(1인이상)","3 보건ㆍ의료직",790,37,3.0,517,150,5.8,891,127,4.7,517,168,3.8,1136,336,4.7,722,155,5.4,603,147,4.8,482,94,4.5,848,161,2.6,630,150,4.6
"제주특별자치도","전규모(1인이상)","4 예술ㆍ디자인ㆍ방송ㆍ스포츠직",345,132,3.1,352,59,2.4,358,72,2.6,421,51,2.2,283,40,3.2,379,46,7.5,513,58,6.3,447,130,3.8,437,83,4.9,499,189,6.8
"제주특별자치도","전규모(1인이상)","5 미용ㆍ여행ㆍ숙박ㆍ음식ㆍ경비ㆍ청소직",3123,350,3.5,2348,193,5.8,3420,421,7.0,3681,694,5.6,4644,970,7.2,4838,460,4.2,5862,455,3.9,4354,349,3.0,4429,130,3.6,4128,548,3.8
"제주특별자치도","전규모(1인이상)","6 영업ㆍ판매ㆍ운전ㆍ운송직",1854,245,2.6,1465,117,3.1,2497,451,4.5,2386,374,4.6,2779,624,3.8,2395,299,4.6,2434,285,3.0,1915,94,2.5,2594,102,2.2,2150,236,3.4
"제주특별자치도","전규모(1인이상)","7 건설ㆍ채굴직",193,32,1.1,1108,22,2.2,2197,145,4.0,1586,87,2.8,1216,70,2.7,1396,8,3.7,1887,7,6.4,1026,37,3.5,604,4,6.9,705,15,0.6
"제주특별자치도","전규모(1인이상)","8 설치ㆍ정비ㆍ생산직",838,192,3.8,995,418,7.9,1576,417,7.7,1264,523,5.5,1551,478,6.4,935,105,6.1,991,184,4.1,967,163,4.2,835,62,3.8,777,115,4.9
"제주특별자치도","전규모(1인이상)","9 농림어업직",82,13,3.1,165,12,4.0,60,6,1.5,98,26,5.8,132,57,2.1,75,17,4.8,55,27,11.6,250,16,16.7,234,12,25.6,482,346,17.7
